sid,algo,n_particles,seed,status,pooled_rmse_bp,pooled_max_bp,wings_rmse_bp,wings_max_bp,n_failed,total_s,fit_s,intraday_s,git_hash,budget,knob_name,knob_value
f_xi0.3_rho-0.3,explicit_nn,200000,0,ok,45.692390677,250.573860963,61.635504915,250.573860963,0,85.70666058399365,84.91985279606888,,e4fbd0c,,,
f_xi0.3_rho-0.3,explicit_nn,200000,1,ok,32.292501998,118.71639564,42.779545419,118.71639564,0,84.45564687499427,83.67379766792874,,e4fbd0c,,,
f_xi0.3_rho-0.3,explicit_nn,200000,2,ok,81.148686296,387.877788946,111.648454503,387.877788946,2,84.98122379099368,84.21405170610524,,e4fbd0c,,,
f_xi0.3_rho-0.3,nw,200000,0,ok,47.044258825,265.273983501,63.530083487,265.273983501,0,1.4002618330123369,0.6288892889569979,,e4fbd0c,,,
f_xi0.3_rho-0.3,nw,200000,1,ok,29.795739651,107.455674878,39.306511313,107.455674878,0,1.534663708996959,0.7012190768436994,,e4fbd0c,,,
f_xi0.3_rho-0.3,nw,200000,2,ok,79.463745309,386.356838679,109.372330981,386.356838679,2,1.3822956249932759,0.6221832090232056,,e4fbd0c,,,
f_xi0.3_rho-0.7,explicit_nn,200000,0,ok,54.725471373,300.205495533,74.050908159,300.205495533,0,89.01249929200276,88.19067937711952,,e4fbd0c,,,
f_xi0.3_rho-0.7,explicit_nn,200000,1,ok,42.732232389,204.361698741,57.793678274,204.361698741,0,89.39461899999878,88.54293599913944,,e4fbd0c,,,
f_xi0.3_rho-0.7,explicit_nn,200000,2,ok,68.989900134,329.733728851,94.768998987,329.733728851,2,86.34403720800765,85.51711983297719,,e4fbd0c,,,
f_xi0.3_rho-0.7,nw,200000,0,ok,52.439597478,298.607851063,70.923073951,298.607851063,0,1.5557670830166899,0.6986397870059591,,e4fbd0c,,,
f_xi0.3_rho-0.7,nw,200000,1,ok,39.895811466,226.925406771,53.987026135,226.925406771,0,1.3122295410139486,0.5672748819342814,,e4fbd0c,,,
f_xi0.3_rho-0.7,nw,200000,2,ok,60.384886818,307.178131425,82.947195679,307.178131425,2,1.3281403750006575,0.5796812530315947,,e4fbd0c,,,
f_xi0.6_rho-0.3,explicit_nn,200000,0,ok,65.714958141,225.278156981,86.623630424,225.278156981,0,85.6039314160007,84.82270812388742,,e4fbd0c,,,
f_xi0.6_rho-0.3,explicit_nn,200000,1,ok,94.464183608,463.158687054,126.200613613,463.158687054,0,87.1125179999799,86.2802266300423,,e4fbd0c,,,
f_xi0.6_rho-0.3,explicit_nn,200000,2,ok,101.941396199,467.863555268,138.66040713,467.863555268,2,87.3977412499953,86.61265862206346,,e4fbd0c,,,
f_xi0.6_rho-0.3,nw,200000,0,ok,69.684340054,248.567044384,92.10561943,248.567044384,0,1.390575791010633,0.6283362908870913,,e4fbd0c,,,
f_xi0.6_rho-0.3,nw,200000,1,ok,95.713294597,459.054790848,127.787718572,459.054790848,0,1.4088152909826022,0.6321819980803411,,e4fbd0c,,,
f_xi0.6_rho-0.3,nw,200000,2,ok,96.974138591,427.418340672,131.594494284,427.418340672,2,1.3744497089937795,0.6159332950483076,,e4fbd0c,,,
f_xi0.6_rho-0.7,explicit_nn,200000,0,ok,165.937010634,765.817226572,222.07266397,765.817226572,1,84.44047012500232,83.66108424993581,,e4fbd0c,,,
f_xi0.6_rho-0.7,explicit_nn,200000,1,ok,154.829569909,669.897642974,205.302339319,669.897642974,0,84.58146283301176,83.80970916996012,,e4fbd0c,,,
f_xi0.6_rho-0.7,explicit_nn,200000,2,ok,171.103097006,690.862223428,230.644739288,690.862223428,2,83.95655812500627,83.1767875389778,,e4fbd0c,,,
f_xi0.6_rho-0.7,nw,200000,0,ok,156.498456583,737.876755201,210.623386172,737.876755201,1,1.3736357919988222,0.6097280840331223,,e4fbd0c,,,
f_xi0.6_rho-0.7,nw,200000,1,ok,146.739829557,649.225995334,195.70227726,649.225995334,0,1.4133834579843096,0.6329920010466594,,e4fbd0c,,,
f_xi0.6_rho-0.7,nw,200000,2,ok,159.049972762,662.006447466,215.797657389,662.006447466,2,1.398262833012268,0.622987955895951,,e4fbd0c,,,
f_xi1.0_rho-0.3,explicit_nn,200000,0,ok,238.908403072,508.836643498,269.56828369,508.836643498,0,82.28055808300269,81.43377162504476,,e4fbd0c,,,
f_xi1.0_rho-0.3,explicit_nn,200000,1,ok,230.764746991,511.555711016,263.237163412,511.555711016,0,76.82127033299184,76.04519721097313,,e4fbd0c,,,
f_xi1.0_rho-0.3,explicit_nn,200000,2,ok,226.197946221,499.689373164,255.643705233,499.689373164,2,73.53234033301123,72.76387170798262,,e4fbd0c,,,
f_xi1.0_rho-0.3,nw,200000,0,ok,229.960942863,518.364979218,265.598434834,518.364979218,0,1.425196500000311,0.6499396240396891,,e4fbd0c,,,
f_xi1.0_rho-0.3,nw,200000,1,ok,229.661954807,527.059596372,267.128144716,527.059596372,0,1.4032888330111746,0.6323353739280719,,e4fbd0c,,,
f_xi1.0_rho-0.3,nw,200000,2,ok,225.091518114,563.621772003,261.572368884,563.621772003,2,1.387747834000038,0.621722877927823,,e4fbd0c,,,
f_xi1.0_rho-0.7,explicit_nn,200000,0,ok,723.729967673,1933.313155631,840.309301095,1933.313155631,1,87.32044862498879,86.5048342430091,,e4fbd0c,,,
f_xi1.0_rho-0.7,explicit_nn,200000,1,ok,736.217818461,1942.23615992,852.15447187,1942.23615992,0,87.56855833300506,86.7684950370458,,e4fbd0c,,,
f_xi1.0_rho-0.7,explicit_nn,200000,2,ok,742.300003707,1973.889476866,868.748002544,1973.889476866,2,86.21017704199767,85.4161487518868,,e4fbd0c,,,
f_xi1.0_rho-0.7,nw,200000,0,ok,636.647142388,1597.893249946,731.993239497,1597.893249946,1,1.3570414160203654,0.6035623329808004,,e4fbd0c,,,
f_xi1.0_rho-0.7,nw,200000,1,ok,659.085615845,1709.793892116,759.483517541,1709.793892116,0,1.4032880419981666,0.6303200840193313,,e4fbd0c,,,
f_xi1.0_rho-0.7,nw,200000,2,ok,649.603732152,1668.326095589,755.016661001,1668.326095589,2,1.384125791984843,0.6211096650513355,,e4fbd0c,,,
s01,explicit_nn,50000,0,ok,53.637769502,301.350329673,72.571952107,301.350329673,0,91.83611699999892,90.92401974802488,,5472b78,,,
s01,explicit_nn,50000,1,ok,43.550908295,207.69153818,58.993170966,207.69153818,0,91.87212083299528,90.96175396090257,,5472b78,,,
s01,explicit_nn,50000,2,ok,71.228152283,346.596351719,97.843971067,346.596351719,2,91.70674891601084,90.80262612289516,,5472b78,,,
s01,explicit_nn,200000,0,ok,54.725471373,300.205495533,74.050908159,300.205495533,0,92.36410908299149,90.86993278792943,,5472b78,,,
s01,explicit_nn,200000,1,ok,42.732232389,204.361698741,57.793678274,204.361698741,0,87.72596337500727,86.92828508201637,,5472b78,,,
s01,explicit_nn,200000,2,ok,68.989900134,329.733728851,94.768998987,329.733728851,2,87.65596754098078,86.84546399791725,,5472b78,,,
s01,explicit_nn_is,50000,0,ok,53.636903741,304.882656083,72.716523744,304.882656083,0,87.5431467499875,87.2712606631103,,5472b78,,,
s01,explicit_nn_is,50000,1,ok,42.460676763,208.412557444,57.448582037,208.412557444,0,87.92004908400122,87.64397608712898,,5472b78,,,
s01,explicit_nn_is,50000,2,ok,68.66913723,331.716796112,94.426721553,331.716796112,2,86.34430420797435,86.07664816710167,,5472b78,,,
s01,explicit_nn_is,200000,0,ok,55.115167795,305.406663972,74.71781076,305.406663972,0,87.42737783299526,86.43779561802512,,5472b78,,,
s01,explicit_nn_is,200000,1,ok,45.630950169,218.106396503,61.799665959,218.106396503,0,89.298920250003,88.29120958389831,,5472b78,,,
s01,explicit_nn_is,200000,2,ok,68.981627757,341.580922332,94.821592794,341.580922332,2,89.17738758400083,88.17803704412654,,5472b78,,,
s01,implicit_nn,50000,0,ok,61.319825737,339.152092138,83.015571952,339.152092138,0,139.12613241697545,138.12544079404324,,5472b78,,,
s01,implicit_nn,50000,1,ok,40.848764835,224.686407722,55.416208602,224.686407722,0,139.117555542005,138.11683587901643,,5472b78,,,
s01,implicit_nn,50000,2,ok,71.253145086,347.395750948,98.05511679,347.395750948,2,140.30809308303287,139.17162546201143,,5472b78,,,
s01,implicit_nn,200000,0,ok,59.325354168,337.795720166,80.426736688,337.795720166,0,143.81505262397695,139.6762265409925,,5472b78,,,
s01,implicit_nn,200000,1,ok,48.785430906,223.908540937,66.054221382,223.908540937,0,137.86426991599728,133.8434715809999,,5472b78,,,
s01,implicit_nn,200000,2,ok,68.887252038,316.752438544,94.47720286,316.752438544,2,137.73854283298715,133.86374620810966,,5472b78,,,
s01,implicit_ridge,50000,0,ok,52.406387145,298.883257778,70.70818512,298.883257778,0,143.68269608399714,0.5752903339453042,0.7990580420009792,e4fbd0c,,,
s01,implicit_ridge,50000,1,ok,39.741341688,196.752252264,53.509155928,196.752252264,0,143.58641374998842,0.5833683290402405,0.8083175419887993,e4fbd0c,,,
s01,implicit_ridge,50000,2,ok,68.132809421,334.4482383,93.791493769,334.4482383,2,143.61928041599458,0.602281497878721,0.826936833007494,e4fbd0c,,,
s01,implicit_ridge,200000,0,ok,52.417628041,305.404223295,70.841883335,305.404223295,0,146.73914895797498,0.4221159129810985,1.1872366669995245,e4fbd0c,,,
s01,implicit_ridge,200000,1,ok,40.241828873,203.700273822,54.12922999,203.700273822,0,145.3868100840191,0.5214366669824813,1.319364458002383,e4fbd0c,,,
s01,implicit_ridge,200000,2,ok,66.84413258,331.180516503,91.921491498,331.180516503,2,145.51927229203284,0.4846870390465483,1.277985417022137,e4fbd0c,,,
s01,nw,50000,0,ok,52.072407756,310.876230455,70.293105144,310.876230455,0,0.8202518750040326,0.6127405409642961,,5472b78,,,
s01,nw,50000,1,ok,44.06971068,215.60395874,59.739084376,215.60395874,0,0.8235651249997318,0.6178121679404285,,5472b78,,,
s01,nw,50000,2,ok,62.680058719,320.981526748,86.058392069,320.981526748,2,0.8118034579965752,0.6011410008650273,,5472b78,,,
s01,nw,200000,0,ok,52.439597478,298.607851063,70.923073951,298.607851063,0,1.3820632080023643,0.5995874970394652,,5472b78,,,
s01,nw,200000,1,ok,39.895811466,226.925406771,53.987026135,226.925406771,0,1.4801230410230346,0.6516797490476165,,5472b78,,,
s01,nw,200000,2,ok,60.384886818,307.178131425,82.947195679,307.178131425,2,1.4596658750087954,0.6370327949989587,,5472b78,,,
s01,ridge,50000,0,ok,52.219759473,300.708482051,70.636474033,300.708482051,0,6.643859125004383,6.4355375429440755,,5472b78,,,
s01,ridge,50000,1,ok,40.325827709,207.211862339,54.526161645,207.211862339,0,6.660410000011325,6.449250838079024,,5472b78,,,
s01,ridge,50000,2,ok,69.130933768,350.049147562,94.919227689,350.049147562,2,7.121996707981452,6.903832377982326,,5472b78,,,
s01,ridge,200000,0,ok,53.588938834,298.712334886,72.500319525,298.712334886,0,7.5669178329990245,6.760921121051069,,5472b78,,,
s01,ridge,200000,1,ok,38.720433267,200.102743439,52.276863319,200.102743439,0,7.244882665982004,6.42635645304108,,5472b78,,,
s01,ridge,200000,2,ok,67.713418886,331.763966485,92.962415273,331.763966485,2,7.134210500022164,6.374877792113693,,5472b78,,,
s01,spline,50000,0,ok,53.425405812,323.768840134,72.359341467,323.768840134,0,0.4666699169902131,0.2564113317639567,,c9efffe,,,
s01,spline,50000,1,ok,41.010687475,237.640646332,55.52106738,237.640646332,0,0.4490572920185514,0.2501050449209288,,c9efffe,,,
s01,spline,50000,2,ok,62.68904755,322.384228007,85.963202603,322.384228007,2,0.44686112500494346,0.24654812715016305,,c9efffe,,,
s01,spline,200000,0,ok,53.699734632,316.567357892,72.723020586,316.567357892,0,1.052469625021331,0.27411595307057723,,c9efffe,,,
s01,spline,200000,1,ok,41.301102098,237.885153291,55.876521123,237.885153291,0,0.9208833750453778,0.1911952057853341,,c9efffe,,,
s01,spline,200000,2,ok,62.191657811,305.989722963,85.322255657,305.989722963,2,0.9341491250088438,0.20378471474396065,,c9efffe,,,
s02,explicit_nn,50000,0,ok,279.572938622,1082.909093225,355.885676735,1082.909093225,0,87.79238641701522,87.5607727917959,,5472b78,,,
s02,explicit_nn,50000,1,ok,275.364248183,1046.048988071,348.921908767,1046.048988071,0,88.0467308750085,87.81485633100965,,5472b78,,,
s02,explicit_nn,50000,2,ok,294.369194627,1085.435494424,375.728404409,1085.435494424,0,85.58239116700133,85.36559908796335,,5472b78,,,
s02,explicit_nn,200000,0,ok,289.599292062,1121.004318554,369.174454381,1121.004318554,0,86.18883824997465,85.40802916616667,,5472b78,,,
s02,explicit_nn,200000,1,ok,295.55765936,1133.287842138,375.44050598,1133.287842138,0,85.62775712498114,84.84446175198536,,5472b78,,,
s02,explicit_nn,200000,2,ok,303.739452669,1118.00620817,387.636014336,1118.00620817,0,86.16822616598802,85.3938226281316,,5472b78,,,
s02,explicit_nn_is,50000,0,ok,272.366754731,1055.848525287,347.16022223,1055.848525287,0,86.01309470800334,85.74332779098768,,5472b78,,,
s02,explicit_nn_is,50000,1,ok,286.171910522,1085.300415745,362.411281315,1085.300415745,0,86.83629174999078,86.56774524901994,,5472b78,,,
s02,explicit_nn_is,50000,2,ok,289.279274379,1079.904080848,370.596011687,1079.904080848,0,86.99107525,86.7191369140346,,5472b78,,,
s02,explicit_nn_is,200000,0,ok,272.714715197,1057.334667044,347.881779,1057.334667044,0,87.77214399998775,86.78420800593449,,5472b78,,,
s02,explicit_nn_is,200000,1,ok,283.494851879,1060.55443622,358.978232954,1060.55443622,0,86.92165979201673,85.92968824895797,,5472b78,,,
s02,explicit_nn_is,200000,2,ok,294.220977955,1080.713156215,375.580772537,1080.713156215,0,87.46050983300665,86.47049812390469,,5472b78,,,
s02,implicit_nn,50000,0,ok,147.993254939,571.19719648,184.965337913,571.19719648,0,143.61246150100487,141.69021775294095,,5472b78,,,
s02,implicit_nn,50000,1,ok,160.721843849,592.712824304,202.787708603,592.712824304,0,144.403701208008,142.39629028984928,,5472b78,,,
s02,implicit_nn,50000,2,ok,169.79215394,597.396521732,213.338689888,597.396521732,0,144.57976762598264,142.59920183205395,,5472b78,,,
s02,implicit_nn,200000,0,ok,148.699344156,574.64641697,185.684042815,574.64641697,0,147.50892191601451,142.3629999589757,,5472b78,,,
s02,implicit_nn,200000,1,ok,168.038725377,602.614117684,210.327576355,602.614117684,0,153.8608792500163,149.44462074886542,,5472b78,,,
s02,implicit_nn,200000,2,ok,201.842741559,739.129363209,254.228698307,739.129363209,0,154.16630116698798,149.61624025111087,,5472b78,,,
s02,implicit_ridge,50000,0,ok,200.801241689,686.222801329,249.602919047,686.222801329,0,140.77333841699874,0.6233950860332698,0.8336077090061735,e4fbd0c,,,
s02,implicit_ridge,50000,1,ok,210.139139183,765.971004776,263.556541896,765.971004776,0,141.78016316701542,0.5229415419162251,0.737354459008202,e4fbd0c,,,
s02,implicit_ridge,50000,2,ok,234.405913313,829.161492438,300.845814621,829.161492438,0,138.84944137497223,0.5367938760609832,0.7475671249849256,e4fbd0c,,,
s02,implicit_ridge,200000,0,ok,201.464656336,690.888378786,251.015846771,690.888378786,0,143.49851945904084,0.5333999150898308,1.2930750000232365,e4fbd0c,,,
s02,implicit_ridge,200000,1,ok,232.451107662,851.553200846,293.482348806,851.553200846,0,143.95271258300636,0.45604379000724293,1.217730542004574,e4fbd0c,,,
s02,implicit_ridge,200000,2,ok,236.641991564,797.498842372,300.762547521,797.498842372,0,144.04240033199312,0.45218562506488524,1.2064034579962026,e4fbd0c,,,
s02,nw,50000,0,ok,189.488294815,708.685828266,239.637210411,708.685828266,0,0.8132171670149546,0.6117942940036301,,5472b78,,,
s02,nw,50000,1,ok,203.699913165,760.538453242,257.891319954,760.538453242,0,0.8227087080013007,0.6211397488950752,,5472b78,,,
s02,nw,50000,2,ok,215.647649283,742.760660983,274.673157336,742.760660983,0,0.8142442500102334,0.613483334047487,,5472b78,,,
s02,nw,200000,0,ok,204.066832282,725.000050956,258.705229115,725.000050956,0,1.3470608750067186,0.5894677499018144,,5472b78,,,
s02,nw,200000,1,ok,226.587330102,874.931375464,290.37232992,874.931375464,0,1.361721958994167,0.6014489549561404,,5472b78,,,
s02,nw,200000,2,ok,250.737779523,905.563664998,322.660003595,905.563664998,0,1.391338082990842,0.6287694639759138,,5472b78,,,
s02,ridge,50000,0,ok,209.952769709,786.417000655,265.433055897,786.417000655,0,6.399338583985809,6.19670533091994,,5472b78,,,
s02,ridge,50000,1,ok,219.302533464,822.576742403,277.479658376,822.576742403,0,6.244786583993118,6.041106331918854,,5472b78,,,
s02,ridge,50000,2,ok,236.427728894,812.772555081,301.249389079,812.772555081,0,5.162640499998815,4.96493733196985,,5472b78,,,
s02,ridge,200000,0,ok,246.739254559,946.986525946,314.098940851,946.986525946,0,6.100920166994911,5.337214164988836,,5472b78,,,
s02,ridge,200000,1,ok,220.833936085,822.330774392,279.359560252,822.330774392,0,6.1358587499998976,5.398119090008549,,5472b78,,,
s02,ridge,200000,2,ok,248.886602491,869.570011324,318.140102626,869.570011324,0,6.150703999999678,5.4185151250858326,,5472b78,,,
s02,spline,50000,0,ok,208.543646709,781.616399235,262.712546285,781.616399235,0,0.3782057920470834,0.1852472971077077,,c9efffe,,,
s02,spline,50000,1,ok,216.989338155,799.380880515,273.284614621,799.380880515,0,0.37831224995898083,0.18643204018007964,,c9efffe,,,
s02,spline,50000,2,ok,238.867793406,833.975667946,302.961970997,833.975667946,0,0.3862571249483153,0.19321062602102757,,c9efffe,,,
s02,spline,200000,0,ok,240.773570506,923.956443006,306.230874948,923.956443006,0,0.9733694169553928,0.208060585136991,,c9efffe,,,
s02,spline,200000,1,ok,205.950635671,733.606486655,258.061534359,733.606486655,0,0.981843999994453,0.2222934591700323,,c9efffe,,,
s02,spline,200000,2,ok,246.413947304,869.862708285,313.446122023,869.862708285,0,1.0039472079952247,0.224235248984769,,c9efffe,,,
s03,explicit_nn,50000,0,ok,905.813092557,1736.768785337,944.969700458,1736.768785337,0,102.94426249997923,102.69465883399243,,5472b78,,,
s03,explicit_nn,50000,1,ok,879.686642446,1700.397869324,921.731028991,1700.397869324,1,102.31420870800503,102.03186358517269,,5472b78,,,
s03,explicit_nn,50000,2,ok,906.53947914,1747.712697785,956.753777823,1747.712697785,2,101.86964858399006,101.61591237498214,,5472b78,,,
s03,explicit_nn,200000,0,ok,899.42663468,1732.374548892,940.450457528,1732.374548892,0,102.31560820800951,101.39380878894008,,5472b78,,,
s03,explicit_nn,200000,1,ok,882.301276216,1696.440952813,925.705796259,1696.440952813,1,99.88499399999273,98.97833445598371,,5472b78,,,
s03,explicit_nn,200000,2,ok,900.556694934,1753.419729756,952.535630773,1753.419729756,2,99.9259113750013,98.96510095795384,,5472b78,,,
s03,explicit_nn_is,50000,0,ok,905.767765638,1733.197984072,943.859186337,1733.197984072,0,91.84903366601793,91.54811483301455,,5472b78,,,
s03,explicit_nn_is,50000,1,ok,884.224466466,1696.909032991,924.825291835,1696.909032991,1,91.68617795800674,91.36660937705892,,5472b78,,,
s03,explicit_nn_is,50000,2,ok,892.854049882,1750.82795591,946.114510569,1750.82795591,2,91.13775824999902,90.8302179541206,,5472b78,,,
s03,explicit_nn_is,200000,0,ok,901.746947348,1734.20147552,943.752999509,1734.20147552,0,91.28509395901347,90.1956894591276,,5472b78,,,
s03,explicit_nn_is,200000,1,ok,893.679550956,1706.37505237,934.691549236,1706.37505237,1,89.98599179100711,88.96535070295795,,5472b78,,,
s03,explicit_nn_is,200000,2,ok,902.575168479,1741.037050406,952.38195833,1741.037050406,2,89.84991416698904,88.81087215887965,,5472b78,,,
s03,implicit_nn,50000,0,ok,289.939885564,1020.494493881,373.363448339,1020.494493881,0,142.2299676660332,141.06179837495438,,5472b78,,,
s03,implicit_nn,50000,1,ok,292.295615042,1100.529163736,376.290824341,1100.529163736,0,142.62104233299033,141.52812562300824,,5472b78,,,
s03,implicit_nn,50000,2,ok,286.67930799,1042.90911218,378.041172071,1042.90911218,3,152.02304075099528,150.6301796658372,,5472b78,,,
s03,implicit_nn,200000,0,ok,226.582147066,721.643521429,291.08940805,721.643521429,0,155.65335379197495,151.11944225191837,,5472b78,,,
s03,implicit_nn,200000,1,ok,261.272577969,922.316443714,331.113562902,922.316443714,0,153.42256620901753,149.13166320807068,,5472b78,,,
s03,implicit_nn,200000,2,ok,265.375812758,961.734476795,350.939041035,961.734476795,3,153.1331153330102,148.74359754295438,,5472b78,,,
s03,implicit_ridge,50000,0,ok,881.890575093,1731.423389376,931.934321647,1731.423389376,0,137.67526258304133,0.6615864559425972,0.8889939170039725,e4fbd0c,,,
s03,implicit_ridge,50000,1,ok,876.107211468,1715.20170088,920.559352494,1715.20170088,1,139.3352358750126,0.6964980881020892,0.92705462500453,e4fbd0c,,,
s03,implicit_ridge,50000,2,ok,886.066912721,1740.395062586,942.155725964,1740.395062586,2,140.01682783401338,0.5983091690577567,0.8144434579880908,e4fbd0c,,,
s03,implicit_ridge,200000,0,ok,891.649202149,1738.644489826,934.697994744,1738.644489826,0,143.89311441601603,0.5165921230218373,1.3030797080136836,e4fbd0c,,,
s03,implicit_ridge,200000,1,ok,887.247430023,1718.208596322,928.388513806,1718.208596322,1,149.43784274999052,0.5635612132027745,1.3402894999890123,e4fbd0c,,,
s03,implicit_ridge,200000,2,ok,898.970507199,1758.040340043,952.896737864,1758.040340043,2,148.01191858397215,0.5152357091137674,1.2563116249802988,e4fbd0c,,,
s03,nw,50000,0,ok,888.60144817,1725.520999256,936.157083124,1725.520999256,0,0.8090629999933299,0.5978033300780226,,5472b78,,,
s03,nw,50000,1,ok,866.680644041,1717.407841135,915.702831999,1717.407841135,1,0.7822750839986838,0.5824430879147258,,5472b78,,,
s03,nw,50000,2,ok,881.169976638,1745.175169666,938.650019947,1745.175169666,2,0.7570492919767275,0.5611554169445299,,5472b78,,,
s03,nw,200000,0,ok,881.963455935,1728.336753268,930.518320874,1728.336753268,0,1.3127273340069223,0.5714819529675879,,5472b78,,,
s03,nw,200000,1,ok,877.056442456,1716.970781636,925.122970225,1716.970781636,1,1.3406430000031833,0.5773345001798589,,5472b78,,,
s03,nw,200000,2,ok,888.208650536,1748.233759992,944.149144168,1748.233759992,2,1.3313733329996467,0.5742067079991102,,5472b78,,,
s03,ridge,50000,0,ok,902.005798761,1742.060095078,946.543417177,1742.060095078,0,6.547909708984662,6.3220854531100485,,5472b78,,,
s03,ridge,50000,1,ok,874.435688809,1721.950824225,921.879489809,1721.950824225,1,6.55908016700414,6.341437079070602,,5472b78,,,
s03,ridge,50000,2,ok,884.271697213,1754.366399542,940.046510663,1754.366399542,2,6.671413042000495,6.432628045935417,,5472b78,,,
s03,ridge,200000,0,ok,896.28380418,1738.351596474,940.97052542,1738.351596474,0,7.7621847089903895,6.860858210071456,,5472b78,,,
s03,ridge,200000,1,ok,879.319415585,1719.074311278,924.512927201,1719.074311278,1,7.5284959170094226,6.685092294908827,,5472b78,,,
s03,ridge,200000,2,ok,892.446659139,1755.29408687,947.510574996,1755.29408687,2,7.207003499992425,6.39091795909917,,5472b78,,,
s03,spline,50000,0,ok,899.780892819,1739.118535233,945.178320088,1739.118535233,0,0.4286313750199042,0.22112333303084597,,c9efffe,,,
s03,spline,50000,1,ok,882.06617801,1723.423508976,926.681183414,1723.423508976,1,0.4121371670044027,0.20947850198717788,,c9efffe,,,
s03,spline,50000,2,ok,891.091386036,1755.758751573,944.647305773,1755.758751573,2,0.4187782089575194,0.2138018369441852,,c9efffe,,,
s03,spline,200000,0,ok,891.424185617,1729.972706098,936.412899076,1729.972706098,0,1.0030361670069396,0.21472699975129217,,c9efffe,,,
s03,spline,200000,1,ok,887.613233638,1722.971608427,931.41881309,1722.971608427,1,0.9137584589770995,0.19210461986949667,,c9efffe,,,
s03,spline,200000,2,ok,899.656940055,1756.482387752,951.724277628,1756.482387752,2,0.9533135420060717,0.2032601220998913,,c9efffe,,,
s04,explicit_nn,50000,0,ok,289.239898067,759.00443004,361.223601355,759.00443004,6,92.50032374999137,92.26561312685953,,5472b78,,,
s04,explicit_nn,50000,1,ok,368.821414604,1415.054881503,478.921761133,1415.054881503,3,91.7793714159925,91.54976166712004,,5472b78,,,
s04,explicit_nn,50000,2,ok,242.875303728,636.807834674,295.121374088,636.807834674,8,89.0084410419804,88.78336958601722,,5472b78,,,
s04,explicit_nn,200000,0,ok,289.036118103,765.847555358,361.783673609,765.847555358,6,89.2545504590089,88.45521633315366,,5472b78,,,
s04,explicit_nn,200000,1,ok,386.116691705,1399.150487583,501.477079447,1399.150487583,2,85.45648008299759,84.66206078795949,,5472b78,,,
s04,explicit_nn,200000,2,ok,215.11495292,546.850014122,244.384659084,546.850014122,10,85.10936562501593,84.30613158017513,,5472b78,,,
s04,explicit_nn_is,50000,0,ok,255.888573583,616.586922661,303.605093156,616.586922661,7,89.81072120799217,89.50517337099882,,5472b78,,,
s04,explicit_nn_is,50000,1,ok,406.682885747,1406.60690066,526.292038237,1406.60690066,2,89.2544063749956,88.95847825100645,,5472b78,,,
s04,explicit_nn_is,50000,2,ok,204.653199146,542.868598086,233.783327503,542.868598086,10,88.72500533302082,88.4457780860539,,5472b78,,,
s04,explicit_nn_is,200000,0,ok,249.955260407,684.9816196,301.535266551,684.9816196,8,89.82797799998662,88.8043635058857,,5472b78,,,
s04,explicit_nn_is,200000,1,ok,385.852633389,1406.41672816,491.36276065,1406.41672816,0,89.77571316697868,88.71644662611652,,5472b78,,,
s04,explicit_nn_is,200000,2,ok,212.11518868,537.90501071,236.988150772,537.90501071,10,88.93934904201888,87.91388933488633,,5472b78,,,
s04,implicit_nn,50000,0,ok,159.339504806,755.459303275,228.029245072,755.459303275,10,137.89361437497428,136.91010245593498,,5472b78,,,
s04,implicit_nn,50000,1,ok,295.29624268,1446.00556715,426.233290926,1446.00556715,7,138.40394700100296,137.41368183208397,,5472b78,,,
s04,implicit_nn,50000,2,ok,82.79566487,166.806612472,90.029198327,151.766264301,13,142.62503712403122,141.43065366600058,,5472b78,,,
s04,implicit_nn,200000,0,ok,166.504314346,808.201874631,242.739328567,808.201874631,10,146.09291495900834,141.62299816694576,,5472b78,,,
s04,implicit_nn,200000,1,ok,280.720717675,1400.576040081,399.501387882,1400.576040081,6,144.4993967920018,140.36147966689896,,5472b78,,,
s04,implicit_nn,200000,2,ok,82.435304849,177.532556296,93.392997017,177.532556296,13,144.22948237499804,140.22455895796884,,5472b78,,,
s04,implicit_ridge,50000,0,ok,276.444933513,908.286571589,354.710051363,908.286571589,7,144.80626716697589,0.5542122878250666,0.7603395420010202,e4fbd0c,,,
s04,implicit_ridge,50000,1,ok,388.781620634,1340.112180352,505.037943684,1340.112180352,2,144.18228587601334,0.42784716401365586,0.6220412090187892,e4fbd0c,,,
s04,implicit_ridge,50000,2,ok,260.470155533,755.44131918,322.298020422,755.44131918,8,139.12442716697115,0.629573001031531,0.8526553339906968,e4fbd0c,,,
s04,implicit_ridge,200000,0,ok,303.972948074,1024.733564995,392.671250078,1024.733564995,7,144.98092641698895,0.6596470399817917,1.494449124991661,e4fbd0c,,,
s04,implicit_ridge,200000,1,ok,353.686494238,1345.71832476,459.042315686,1345.71832476,3,144.51689691803767,0.5192556258116383,1.2664485840068664,e4fbd0c,,,
s04,implicit_ridge,200000,2,ok,262.405001458,665.956940469,324.195444208,665.956940469,8,144.6792190829874,0.449858334090095,1.1961350420024246,e4fbd0c,,,
s04,nw,50000,0,ok,312.101994876,1033.74211135,404.291741526,1033.74211135,6,0.8471873750095256,0.6321097909822129,,5472b78,,,
s04,nw,50000,1,ok,360.737434159,1378.893482015,471.198326009,1378.893482015,3,0.82017883300432,0.6084512920642737,,5472b78,,,
s04,nw,50000,2,ok,378.397100577,1337.554179574,504.014477689,1337.554179574,7,0.8733589169860352,0.664101957983803,,5472b78,,,
s04,nw,200000,0,ok,284.327446084,968.178315448,366.668911608,968.178315448,7,1.4136672079912387,0.6066599530749954,,5472b78,,,
s04,nw,200000,1,ok,404.355313746,1370.493357629,526.828031077,1370.493357629,2,1.3685000830155332,0.6043955849600025,,5472b78,,,
s04,nw,200000,2,ok,353.708484361,1223.493450231,467.796042144,1223.493450231,7,1.3702228750044014,0.6125345019681845,,5472b78,,,
s04,ridge,50000,0,ok,307.794570205,1022.594715849,398.681580037,1022.594715849,7,6.079514708981151,5.867011042137165,,5472b78,,,
s04,ridge,50000,1,ok,395.238572284,1369.896499127,513.184064702,1369.896499127,2,5.968659709003987,5.750386838888517,,5472b78,,,
s04,ridge,50000,2,ok,383.284625547,1345.611422061,507.917313499,1345.611422061,7,5.951929790986469,5.742229457886424,,5472b78,,,
s04,ridge,200000,0,ok,402.919459359,1368.293177317,526.255862165,1368.293177317,5,6.600830832991051,5.784020082995994,,5472b78,,,
s04,ridge,200000,1,ok,442.993259677,1377.783464973,574.758422262,1377.783464973,2,6.584190833003959,5.8267036289325915,,5472b78,,,
s04,ridge,200000,2,ok,350.79167426,1196.700036176,460.743712517,1196.700036176,7,7.192259374976857,6.3523489139042795,,5472b78,,,
s04,spline,50000,0,ok,298.025895464,904.778649244,379.306488043,904.778649244,6,0.3959506670362316,0.1951010811026208,,c9efffe,,,
s04,spline,50000,1,ok,372.136714872,1390.243240809,485.217671131,1390.243240809,3,0.37925266701495275,0.18725754402112216,,c9efffe,,,
s04,spline,50000,2,ok,335.237607798,1081.827619087,439.534991075,1081.827619087,7,0.3640189589932561,0.17696692084427923,,c9efffe,,,
s04,spline,200000,0,ok,313.026778205,1037.820078968,406.803109506,1037.820078968,7,1.0061309590237215,0.2073120810673572,,c9efffe,,,
s04,spline,200000,1,ok,364.250508122,1355.870796294,472.746149709,1355.870796294,3,1.021468457998708,0.22745883383322507,,c9efffe,,,
s04,spline,200000,2,ok,267.135832169,704.5621085,332.997501119,704.5621085,8,0.9492078750045039,0.2002855030586943,,c9efffe,,,
s05,explicit_nn,50000,0,ok,183.820505988,543.601233389,219.403806187,543.601233389,0,89.80772962499759,89.57508620709996,,5472b78,,,
s05,explicit_nn,50000,1,ok,185.82057858,565.116827776,220.36063368,565.116827776,0,89.7659025839821,89.5377472070395,,5472b78,,,
s05,explicit_nn,50000,2,ok,187.485397811,545.266683529,225.278266771,545.266683529,0,86.00181349998456,85.78094133592094,,5472b78,,,
s05,explicit_nn,200000,0,ok,183.007226664,525.454121697,215.346548113,525.454121697,0,86.45653762499569,85.67731828900287,,5472b78,,,
s05,explicit_nn,200000,1,ok,188.546701506,582.789870905,224.476758988,582.789870905,0,84.22861841702252,83.45055983090424,,5472b78,,,
s05,explicit_nn,200000,2,ok,193.926972776,570.008645248,233.455665986,570.008645248,0,84.50650395799312,83.71328899887158,,5472b78,,,
s05,explicit_nn_is,50000,0,ok,185.280814821,504.572735312,215.75644499,504.572735312,0,86.31358595797792,86.0441142929485,,5472b78,,,
s05,explicit_nn_is,50000,1,ok,187.353631467,574.247640395,222.474732544,574.247640395,0,86.8676959160075,86.59214962882106,,5472b78,,,
s05,explicit_nn_is,50000,2,ok,195.419738962,597.369378478,235.921041289,597.369378478,0,86.72573174998979,86.45830937605933,,5472b78,,,
s05,explicit_nn_is,200000,0,ok,179.644879622,510.977949513,211.196786981,510.977949513,0,87.92085070899338,86.92419599805726,,5472b78,,,
s05,explicit_nn_is,200000,1,ok,187.523631408,587.155297926,222.397492238,587.155297926,0,87.7130199999956,86.70138083025813,,5472b78,,,
s05,explicit_nn_is,200000,2,ok,196.1111928,564.727779736,236.091784416,564.727779736,0,87.77700683299918,86.75463312710053,,5472b78,,,
s05,implicit_nn,50000,0,ok,173.351433593,618.960648426,210.339146549,618.960648426,0,136.86406633301522,135.8809510821302,,5472b78,,,
s05,implicit_nn,50000,1,ok,168.407620848,587.107948952,202.278095211,587.107948952,0,138.16952320901328,137.16867550011375,,5472b78,,,
s05,implicit_nn,50000,2,ok,168.631740528,480.304067893,195.856399067,480.304067893,0,144.30970687401714,143.2660937460314,,5472b78,,,
s05,implicit_nn,200000,0,ok,131.466459267,380.483180231,153.118447929,380.483180231,0,147.5335152920161,143.47323208503076,,5472b78,,,
s05,implicit_nn,200000,1,ok,162.257969252,507.555691026,193.089606865,507.555691026,0,146.54505812498974,142.5706967060687,,5472b78,,,
s05,implicit_nn,200000,2,ok,158.146137397,513.885195497,189.820901874,513.885195497,0,147.37327329197433,143.11568966787308,,5472b78,,,
s05,implicit_ridge,50000,0,ok,182.78178063,540.873633982,217.698197091,540.873633982,0,137.04303141700802,0.5862003750225995,0.7918618750118185,e4fbd0c,,,
s05,implicit_ridge,50000,1,ok,181.761829844,571.272895397,216.613791431,571.272895397,0,138.29167883298942,0.5809485420759302,0.7914047919912264,e4fbd0c,,,
s05,implicit_ridge,50000,2,ok,193.697330816,555.11973712,232.799487526,555.11973712,0,138.37473533398588,0.5209632909682114,0.7204635000089183,e4fbd0c,,,
s05,implicit_ridge,200000,0,ok,183.411050565,536.983272113,217.808276807,536.983272113,0,141.41501120702014,0.5846488770039286,1.3711312910018023,e4fbd0c,,,
s05,implicit_ridge,200000,1,ok,186.234033414,576.760422912,221.675372038,576.760422912,0,142.69016870798077,0.5883277089742478,1.3542818329879083,e4fbd0c,,,
s05,implicit_ridge,200000,2,ok,196.915205329,583.619799896,235.616715794,583.619799896,0,143.2878862079815,0.5890692870598286,1.3501529580098577,e4fbd0c,,,
s05,nw,50000,0,ok,201.02751335,629.395689541,244.284062167,629.395689541,0,0.8369953749934211,0.6286657510790974,,5472b78,,,
s05,nw,50000,1,ok,195.189386109,584.182874646,233.456289527,584.182874646,0,0.7837482500181068,0.5811014599748887,,5472b78,,,
s05,nw,50000,2,ok,205.590451693,631.054389455,250.046612544,631.054389455,0,0.8800574170018081,0.6494823741377331,,5472b78,,,
s05,nw,200000,0,ok,192.036419903,545.427452694,228.722563836,545.427452694,0,1.435904332989594,0.6327597879862878,,5472b78,,,
s05,nw,200000,1,ok,198.335205192,596.911092056,237.958085732,596.911092056,0,1.4476751660113223,0.6371283309708815,,5472b78,,,
s05,nw,200000,2,ok,202.300973106,586.569917193,244.652868791,586.569917193,0,1.3552543749974575,0.6007737141044345,,5472b78,,,
s05,ridge,50000,0,ok,183.554636364,545.609996512,219.338473161,545.609996512,0,6.025850292004179,5.815177252021385,,5472b78,,,
s05,ridge,50000,1,ok,188.870667783,593.966346491,225.188792899,593.966346491,0,5.828695790987695,5.620612669939874,,5472b78,,,
s05,ridge,50000,2,ok,194.02836548,598.354085683,234.774447456,598.354085683,0,5.773966083012056,5.567907415010268,,5472b78,,,
s05,ridge,200000,0,ok,182.610162604,520.374436335,214.803346532,520.374436335,0,6.316481040994404,5.538492954918183,,5472b78,,,
s05,ridge,200000,1,ok,192.131916202,608.655164739,229.647053585,608.655164739,0,6.541343542019604,5.763179960107664,,5472b78,,,
s05,ridge,200000,2,ok,197.380277684,593.302313566,238.247084903,593.302313566,0,7.157419250026578,6.363390999060357,,5472b78,,,
s05,spline,50000,0,ok,186.494057135,566.422199107,223.69079385,566.422199107,0,0.3771126249921508,0.18724028998985887,,c9efffe,,,
s05,spline,50000,1,ok,188.407843483,586.150490632,224.265854839,586.150490632,0,0.42280012503033504,0.21606441494077444,,c9efffe,,,
s05,spline,50000,2,ok,194.062618071,598.506512235,234.945390062,598.506512235,0,0.3794156250078231,0.1843574979575351,,c9efffe,,,
s05,spline,200000,0,ok,185.919379699,537.733303891,219.49593071,537.733303891,0,0.9398756249574944,0.2020005391095765,,c9efffe,,,
s05,spline,200000,1,ok,192.522662851,606.321895037,229.990687035,606.321895037,0,0.9499922079849057,0.2006405020947568,,c9efffe,,,
s05,spline,200000,2,ok,198.583730228,602.76549543,240.156432649,602.76549543,0,0.9287553330068476,0.19507683301344514,,c9efffe,,,
s06,explicit_nn,50000,0,ok,113.478357624,425.131357028,144.023287186,425.131357028,0,90.9334160000144,90.69115825006156,,5472b78,,,
s06,explicit_nn,50000,1,ok,110.147550761,402.253936477,139.223904159,402.253936477,0,90.50298379201558,90.27607400287525,,5472b78,,,
s06,explicit_nn,50000,2,ok,124.534198034,431.6449454,160.090522322,431.6449454,0,87.27084058299079,87.05028712606872,,5472b78,,,
s06,explicit_nn,200000,0,ok,111.643080983,386.28271227,139.083847433,386.28271227,0,87.97982287500054,87.19523220314295,,5472b78,,,
s06,explicit_nn,200000,1,ok,115.896319033,431.894318292,146.951736406,431.894318292,0,84.46977075000177,83.66658362292219,,5472b78,,,
s06,explicit_nn,200000,2,ok,129.055674758,432.382686203,164.962958549,432.382686203,0,83.96770150001976,83.18165250107995,,5472b78,,,
s06,explicit_nn_is,50000,0,ok,109.367028596,365.023468177,135.579629614,365.023468177,0,86.12959462500294,85.85796266721445,,5472b78,,,
s06,explicit_nn_is,50000,1,ok,111.05272667,401.082606947,139.512127784,401.082606947,0,86.30149474999052,86.03235170606058,,5472b78,,,
s06,explicit_nn_is,50000,2,ok,127.820391386,445.214020111,163.851532424,445.214020111,0,88.4600516660139,88.18301270794473,,5472b78,,,
s06,explicit_nn_is,200000,0,ok,108.276411203,379.592553769,135.519805746,379.592553769,0,89.06710720798583,88.04183737601852,,5472b78,,,
s06,explicit_nn_is,200000,1,ok,113.292478903,427.129482347,142.769581814,427.129482347,0,90.46748929101159,89.46008429303765,,5472b78,,,
s06,explicit_nn_is,200000,2,ok,130.742017735,424.046691333,167.187256942,424.046691333,0,90.43527654200443,89.42086512592505,,5472b78,,,
s06,implicit_nn,50000,0,ok,75.299599188,244.306946569,93.321254451,244.306946569,0,139.19502420900972,138.15353662407142,,5472b78,,,
s06,implicit_nn,50000,1,ok,73.188876631,298.459492035,93.919771434,298.459492035,0,138.50726824998856,137.45505725202383,,5472b78,,,
s06,implicit_nn,50000,2,ok,102.876290271,350.100577743,133.607530826,350.100577743,0,146.82635679095984,145.62222891589045,,5472b78,,,
s06,implicit_nn,200000,0,ok,74.555992384,263.063265224,94.436743503,263.063265224,0,152.3315523749916,148.05637162501807,,5472b78,,,
s06,implicit_nn,200000,1,ok,84.943300653,323.346085288,109.525115049,323.346085288,0,169.3950998330256,165.18480833500507,,5472b78,,,
s06,implicit_nn,200000,2,ok,100.073020229,369.847035623,130.191022931,369.847035623,0,171.10929675001535,166.144180412055,,5472b78,,,
s06,implicit_ridge,50000,0,ok,111.364231596,403.552853092,140.791413148,403.552853092,0,139.57406050001737,0.6206891679903492,0.8284620420017745,e4fbd0c,,,
s06,implicit_ridge,50000,1,ok,108.163345745,413.240457294,137.194412678,413.240457294,0,140.47788112499984,0.4807213340245653,0.6837898750090972,e4fbd0c,,,
s06,implicit_ridge,50000,2,ok,128.369043685,420.880018967,164.025393946,420.880018967,0,139.44641887501348,0.6945495839754585,0.9123414169880562,e4fbd0c,,,
s06,implicit_ridge,200000,0,ok,116.096377581,430.335477135,147.37594381,430.335477135,0,143.92912079198868,0.6456658289534971,1.478672541998094,e4fbd0c,,,
s06,implicit_ridge,200000,1,ok,114.49495184,422.533038492,144.599595807,422.533038492,0,144.3250274999882,0.5677867080376018,1.378840916993795,e4fbd0c,,,
s06,implicit_ridge,200000,2,ok,128.585845141,435.637337868,163.312905002,435.637337868,0,144.0880638329836,0.5086197049822658,1.27640825000708,e4fbd0c,,,
s06,nw,50000,0,ok,116.502827365,435.858895678,148.319580428,435.858895678,0,0.8724638749845326,0.6580671218980569,,5472b78,,,
s06,nw,50000,1,ok,116.083892087,434.61897952,147.360173076,434.61897952,0,0.8335570420022123,0.6268458719132468,,5472b78,,,
s06,nw,50000,2,ok,135.642634522,506.775551613,175.469922919,506.775551613,0,0.83945525001036,0.6288412539870478,,5472b78,,,
s06,nw,200000,0,ok,115.734815581,415.533647542,145.454260416,415.533647542,0,1.3681689999939408,0.6137333321385086,,5472b78,,,
s06,nw,200000,1,ok,116.975949827,421.665496261,148.501682688,421.665496261,0,1.3810359999770299,0.6075580449833069,,5472b78,,,
s06,nw,200000,2,ok,134.775019246,483.669008134,173.059275104,483.669008134,0,1.4179546250088606,0.6520837949938141,,5472b78,,,
s06,ridge,50000,0,ok,113.434708755,427.846922666,143.903850819,427.846922666,0,6.251330125000095,6.037985918781487,,5472b78,,,
s06,ridge,50000,1,ok,112.388958399,417.186409697,142.102588973,417.186409697,0,6.021469666011399,5.805059420032194,,5472b78,,,
s06,ridge,50000,2,ok,128.278432249,463.566997735,165.323741715,463.566997735,0,5.978037583001424,5.777395372919273,,5472b78,,,
s06,ridge,200000,0,ok,112.263464029,393.283413955,140.110701243,393.283413955,0,6.617542374995537,5.85315558797447,,5472b78,,,
s06,ridge,200000,1,ok,117.305231496,443.457814885,148.94778815,443.457814885,0,6.566263000015169,5.806735165970167,,5472b78,,,
s06,ridge,200000,2,ok,131.410730955,452.398781638,168.189119691,452.398781638,0,7.31457191699883,6.545929335028632,,5472b78,,,
s06,spline,50000,0,ok,115.159728273,440.797876329,146.369010088,440.797876329,0,0.37280899996403605,0.18201341992244124,,c9efffe,,,
s06,spline,50000,1,ok,113.322064298,423.095623261,143.393429925,423.095623261,0,0.398372791998554,0.19905237440252677,,c9efffe,,,
s06,spline,50000,2,ok,127.230484095,467.610302042,163.9439719,467.610302042,0,0.39675783296115696,0.19567129097413272,,c9efffe,,,
s06,spline,200000,0,ok,115.994876893,423.791164944,145.507513825,423.791164944,0,0.9305292500066571,0.1962189152254723,,c9efffe,,,
s06,spline,200000,1,ok,119.369014907,453.896004323,151.891378089,453.896004323,0,0.9208970830077305,0.19097250298364088,,c9efffe,,,
s06,spline,200000,2,ok,132.30100993,472.607268531,169.555948948,472.607268531,0,0.9194496660493314,0.1912716657971032,,c9efffe,,,
s07,explicit_nn,50000,0,ok,231.769982986,704.176711098,274.373588871,704.176711098,0,122.15345612500096,121.89918700209819,,5472b78,,,
s07,explicit_nn,50000,1,ok,232.397984721,639.904304127,275.915911775,639.904304127,0,122.82126504200278,122.50081316096475,,5472b78,,,
s07,explicit_nn,50000,2,ok,228.346793033,696.395602257,273.058708461,696.395602257,2,121.60447391698835,121.35356550011784,,5472b78,,,
s07,explicit_nn,200000,0,ok,238.180545761,736.26488812,280.242004966,736.26488812,0,122.51416158399661,121.65388354091556,,5472b78,,,
s07,explicit_nn,200000,1,ok,239.408347275,675.794239717,285.021431907,675.794239717,0,115.31773658300517,114.4894700399309,,5472b78,,,
s07,explicit_nn,200000,2,ok,230.03442445,673.198052274,272.321630748,673.198052274,2,113.44130866701016,112.60803058292367,,5472b78,,,
s07,explicit_nn_is,50000,0,ok,233.761597941,656.395934194,267.590958225,656.395934194,0,111.70541387499543,111.41234316502232,,5472b78,,,
s07,explicit_nn_is,50000,1,ok,243.663699616,679.373600583,287.283647736,679.373600583,0,110.78859337500762,110.49226283020107,,5472b78,,,
s07,explicit_nn_is,50000,2,ok,236.39024829,723.610114677,282.506005025,723.610114677,2,110.10003658398637,109.80315187497763,,5472b78,,,
s07,explicit_nn_is,200000,0,ok,231.017618438,693.064783272,269.303958355,693.064783272,0,112.56373833300313,111.54395304093487,,5472b78,,,
s07,explicit_nn_is,200000,1,ok,245.135117224,700.495693581,290.300405349,700.495693581,0,125.82967562499107,124.69427816593088,,5472b78,,,
s07,explicit_nn_is,200000,2,ok,230.443804756,649.187507041,271.262394038,649.187507041,2,126.74309408399859,125.6364171699388,,5472b78,,,
s07,implicit_nn,50000,0,ok,114.021304958,318.126321621,136.548676756,318.126321621,0,182.35535516601522,181.1994146220677,,5472b78,,,
s07,implicit_nn,50000,1,ok,108.780530451,473.689202144,130.518621693,473.689202144,0,181.50026062398683,180.36625504205585,,5472b78,,,
s07,implicit_nn,50000,2,ok,122.784510041,393.69591936,154.953844495,393.69591936,2,160.3466613329947,159.30909862497356,,5472b78,,,
s07,implicit_nn,200000,0,ok,99.362471533,286.581376314,112.721470267,286.581376314,0,162.7988794160192,159.0968134139839,,5472b78,,,
s07,implicit_nn,200000,1,ok,142.00074621,527.139158793,181.545822413,527.139158793,0,161.768181041989,157.48352157801855,,5472b78,,,
s07,implicit_nn,200000,2,ok,114.952375102,333.07205366,141.907877846,333.07205366,2,162.7506814590015,158.37172083192854,,5472b78,,,
s07,implicit_ridge,50000,0,ok,232.527705766,711.970253274,275.262922986,711.970253274,0,138.264059041976,0.6075179981417023,0.819646041985834,e4fbd0c,,,
s07,implicit_ridge,50000,1,ok,278.498425879,962.793121524,340.95759022,962.793121524,0,138.41224191599758,0.5703681650920771,0.7830839160014875,e4fbd0c,,,
s07,implicit_ridge,50000,2,ok,250.255735823,769.968380831,300.208972607,769.968380831,2,138.77730004198384,0.4927663330163341,0.6933345829893369,e4fbd0c,,,
s07,implicit_ridge,200000,0,ok,275.794037614,975.869784962,334.901905872,975.869784962,0,142.38628087597317,0.6032085819751956,1.4021257499989588,e4fbd0c,,,
s07,implicit_ridge,200000,1,ok,258.501998286,814.232934442,310.991458674,814.232934442,0,141.24694670902682,0.558948580204742,1.3179343750234693,e4fbd0c,,,
s07,implicit_ridge,200000,2,ok,254.444452087,801.423479609,304.159449717,801.423479609,2,141.73013304104097,0.531061040062923,1.2886930410168134,e4fbd0c,,,
s07,nw,50000,0,ok,257.34181937,855.978451369,311.283782508,855.978451369,0,0.7810614579939283,0.5757218329817988,,5472b78,,,
s07,nw,50000,1,ok,250.564565852,742.527406178,300.883161568,742.527406178,0,0.801978000003146,0.6007403379189782,,5472b78,,,
s07,nw,50000,2,ok,306.047702052,1119.179739983,383.639899334,1119.179739983,2,1.0019439159950707,0.771225916192634,,5472b78,,,
s07,nw,200000,0,ok,245.205662596,777.875685751,291.92603416,777.875685751,0,1.6968053330201656,0.8355874601111282,,5472b78,,,
s07,nw,200000,1,ok,298.205086781,1017.0737006,366.82872047,1017.0737006,0,1.5704409169848077,0.7332847050565761,,5472b78,,,
s07,nw,200000,2,ok,294.83657016,1046.503707059,365.55450204,1046.503707059,2,1.4819033750100061,0.6794507069280371,,5472b78,,,
s07,ridge,50000,0,ok,240.955646415,769.934872441,287.303193315,769.934872441,0,7.373447666992433,7.147143166017486,,5472b78,,,
s07,ridge,50000,1,ok,312.811970168,1122.536226182,386.484045947,1122.536226182,0,7.417021832981845,7.211410082032671,,5472b78,,,
s07,ridge,50000,2,ok,307.57282505,1134.322269008,384.966410813,1134.322269008,2,7.184677292010747,6.97294079294079,,5472b78,,,
s07,ridge,200000,0,ok,306.696933854,1137.700288396,375.807578566,1137.700288396,0,7.797343707992695,7.033590250852285,,5472b78,,,
s07,ridge,200000,1,ok,317.361795672,1142.498106453,392.330340811,1142.498106453,0,9.321424583002226,8.547275831922889,,5472b78,,,
s07,ridge,200000,2,ok,304.739187382,1107.699797879,378.98488379,1107.699797879,2,10.535469708993332,9.750779795780545,,5472b78,,,
s07,spline,50000,0,ok,235.478593664,710.298643105,279.229690625,710.298643105,0,0.36455170798581094,0.17787087592296302,,c9efffe,,,
s07,spline,50000,1,ok,248.510264715,705.687257757,297.623546199,705.687257757,0,0.37521437503164634,0.18316983303520828,,c9efffe,,,
s07,spline,50000,2,ok,277.697669601,966.795520074,342.596986174,966.795520074,2,0.36870141699910164,0.18087196088163182,,c9efffe,,,
s07,spline,200000,0,ok,250.726232414,794.045734471,297.575208387,794.045734471,0,0.9337544160080142,0.19309054024051875,,c9efffe,,,
s07,spline,200000,1,ok,262.292016036,797.088138939,316.289052399,797.088138939,0,0.9492566660046577,0.19793553894851357,,c9efffe,,,
s07,spline,200000,2,ok,246.294761876,760.299038158,295.282616701,760.299038158,2,0.9780031249974854,0.19665879185777158,,c9efffe,,,
s08,explicit_nn,50000,0,ok,512.938974333,1264.051468444,596.786824447,1264.051468444,0,105.23047441701056,104.91205875106971,,5472b78,,,
s08,explicit_nn,50000,1,ok,502.706678391,1230.582572732,583.763181202,1230.582572732,0,102.8993100420048,102.65770616396912,,5472b78,,,
s08,explicit_nn,50000,2,ok,503.955732878,1263.997959415,586.799810501,1263.997959415,1,90.61426862498047,90.38697325097746,,5472b78,,,
s08,explicit_nn,200000,0,ok,511.917809479,1258.496871025,593.394987079,1258.496871025,0,91.40746245798073,90.6285403331276,,5472b78,,,
s08,explicit_nn,200000,1,ok,507.453775069,1227.381539264,588.726830128,1227.381539264,0,103.5054252500122,102.69059182997444,,5472b78,,,
s08,explicit_nn,200000,2,ok,504.996224196,1267.7667499,587.610550192,1267.7667499,1,105.83277441599057,104.94318045995897,,5472b78,,,
s08,explicit_nn_is,50000,0,ok,516.386925998,1263.298358298,599.075273311,1263.298358298,0,193.73058104200754,193.25533704500413,,5472b78,,,
s08,explicit_nn_is,50000,1,ok,505.64809613,1225.803828415,588.098547677,1225.803828415,0,199.98091116698924,199.49385037104366,,5472b78,,,
s08,explicit_nn_is,50000,2,ok,504.420189923,1264.771999871,587.255163339,1264.771999871,1,194.11349395901198,193.6278629169974,,5472b78,,,
s08,explicit_nn_is,200000,0,ok,516.630978508,1260.219094818,599.560356896,1260.219094818,0,191.13125141599448,189.64015600507264,,5472b78,,,
s08,explicit_nn_is,200000,1,ok,514.483159478,1239.699274537,596.27920175,1239.699274537,0,112.10687199997483,110.99725474696606,,5472b78,,,
s08,explicit_nn_is,200000,2,ok,502.457115029,1257.962513034,584.765238952,1257.962513034,1,104.93918575000134,103.85406004008837,,5472b78,,,
s08,implicit_nn,50000,0,ok,277.511092209,1004.200172204,350.601438601,1004.200172204,1,148.365352333989,147.33198354396154,,5472b78,,,
s08,implicit_nn,50000,1,ok,198.903341491,506.5789231,228.802881653,506.5789231,0,149.02371520799352,147.94936712700292,,5472b78,,,
s08,implicit_nn,50000,2,ok,284.891289052,1027.087935051,362.269818461,1027.087935051,2,260.87807491701096,258.3003607071296,,5472b78,,,
s08,implicit_nn,200000,0,ok,287.04117709,1026.075596845,367.323602362,1026.075596845,2,280.3787511669798,272.4437042499776,,5472b78,,,
s08,implicit_nn,200000,1,ok,308.933141437,1009.523655749,392.192878843,1009.523655749,0,364.8443995830021,357.5663785448414,,5472b78,,,
s08,implicit_nn,200000,2,ok,288.259535055,1035.886869759,365.678204547,1035.886869759,2,363.25202874999377,355.02616633003345,,5472b78,,,
s08,implicit_ridge,50000,0,ok,451.386603329,1144.974883083,529.862003882,1144.974883083,0,138.08162037396687,0.4881040799082257,0.6880821249797009,e4fbd0c,,,
s08,implicit_ridge,50000,1,ok,466.740628225,1195.306235102,545.102755414,1195.306235102,0,138.19184104297892,0.5584399169601966,0.7634720419882797,e4fbd0c,,,
s08,implicit_ridge,50000,2,ok,465.957336466,1175.367743673,546.443009265,1175.367743673,1,136.72034850000637,0.62235245903139,0.8298592499922961,e4fbd0c,,,
s08,implicit_ridge,200000,0,ok,495.932172509,1235.550033003,579.274732042,1235.550033003,0,142.1728270839958,0.5552280398842413,1.3211137499893084,e4fbd0c,,,
s08,implicit_ridge,200000,1,ok,434.391989545,1111.035207811,511.71770453,1111.035207811,0,142.10454587597633,0.5397732500277925,1.313351499993587,e4fbd0c,,,
s08,implicit_ridge,200000,2,ok,499.427750467,1269.913751723,583.190371263,1269.913751723,1,143.1454476249928,0.5863703330978751,1.3566883330058772,e4fbd0c,,,
s08,nw,50000,0,ok,508.952313205,1248.305364465,593.084645363,1248.305364465,0,0.8535542089957744,0.6499363350158092,,5472b78,,,
s08,nw,50000,1,ok,503.298315265,1247.402988057,583.598719898,1247.402988057,0,0.7720984580228105,0.5736114589381032,,5472b78,,,
s08,nw,50000,2,ok,504.177829463,1267.919170252,588.67119479,1267.919170252,1,0.8137723330000881,0.6094739579712041,,5472b78,,,
s08,nw,200000,0,ok,502.90159416,1254.333512679,583.986401793,1254.333512679,0,1.4016469589842018,0.6272142500674818,,5472b78,,,
s08,nw,200000,1,ok,510.310550763,1243.828555496,592.771831791,1243.828555496,0,1.3945784580137115,0.6229113761510234,,5472b78,,,
s08,nw,200000,2,ok,505.594880334,1270.93320132,588.675396589,1270.93320132,1,1.8576143329846673,0.8272610008716583,,5472b78,,,
s08,ridge,50000,0,ok,517.481712828,1261.697837718,604.509191955,1261.697837718,0,7.075464499997906,6.868872878083494,,5472b78,,,
s08,ridge,50000,1,ok,512.489142993,1246.468036714,593.318742961,1246.468036714,0,6.50188908301061,6.291654836008092,,5472b78,,,
s08,ridge,50000,2,ok,507.470751603,1269.61676113,591.502223132,1269.61676113,1,5.862212499981979,5.654669001029106,,5472b78,,,
s08,ridge,200000,0,ok,513.9898681,1259.704342986,598.442699342,1259.704342986,0,6.45050999999512,5.686107583867852,,5472b78,,,
s08,ridge,200000,1,ok,515.588237195,1242.41098548,596.606626138,1242.41098548,0,7.454187291994458,6.505939960043179,,5472b78,,,
s08,ridge,200000,2,ok,514.165214234,1270.131500881,598.500196338,1270.131500881,1,7.999708041985286,7.234941537986742,,5472b78,,,
s08,spline,50000,0,ok,512.133085143,1262.789609524,597.252268773,1262.789609524,0,0.430228499986697,0.1958525351365097,,c9efffe,,,
s08,spline,50000,1,ok,504.264386462,1250.532065252,584.158548236,1250.532065252,0,0.3663650419912301,0.17836375010665506,,c9efffe,,,
s08,spline,50000,2,ok,504.929584101,1272.702413792,587.671678962,1272.702413792,1,0.3817011669743806,0.18734891689382493,,c9efffe,,,
s08,spline,200000,0,ok,506.029133219,1257.372160893,588.094847057,1257.372160893,0,0.9351391670061275,0.19975633814465255,,c9efffe,,,
s08,spline,200000,1,ok,513.499121392,1245.940106909,595.168408662,1245.940106909,0,0.9344352500047535,0.19027903873939067,,c9efffe,,,
s08,spline,200000,2,ok,508.62774529,1274.749136685,591.90200713,1274.749136685,1,0.9580195409944281,0.2052523751044646,,c9efffe,,,
s09,explicit_nn,50000,0,ok,1620.376433629,3433.292762711,1820.539647354,3433.292762711,1,210.63802562499768,210.2354833309946,,5472b78,,,
s09,explicit_nn,50000,1,ok,1635.69394112,3379.124472087,1838.390511778,3379.124472087,2,208.39052145800088,208.02266582896118,,5472b78,,,
s09,explicit_nn,50000,2,ok,1601.063646202,3420.058706574,1781.550951571,3420.058706574,0,138.62309941701824,138.30844503900153,,5472b78,,,
s09,explicit_nn,200000,0,ok,1633.852260686,3464.234501389,1829.75057463,3464.234501389,1,135.37192387500545,134.52953308387077,,5472b78,,,
s09,explicit_nn,200000,1,ok,1629.716162629,3394.882690779,1833.749596725,3394.882690779,2,90.70525324999471,89.92347541998606,,5472b78,,,
s09,explicit_nn,200000,2,ok,1618.298333369,3402.541046708,1811.492104531,3402.541046708,1,89.26260312498198,88.47769433102803,,5472b78,,,
s09,explicit_nn_is,50000,0,ok,1653.352044899,3414.196143651,1864.166594965,3414.196143651,2,189.73782795798616,189.2912732087425,,5472b78,,,
s09,explicit_nn_is,50000,1,ok,1616.49531446,3400.670856696,1805.708443161,3400.670856696,1,193.7716185419995,193.24292712801252,,5472b78,,,
s09,explicit_nn_is,50000,2,ok,1624.139337139,3418.096457277,1818.316135298,3418.096457277,1,196.46458125000936,195.77213008102262,,5472b78,,,
s09,explicit_nn_is,200000,0,ok,1653.268751317,3455.73944372,1847.06219432,3455.73944372,1,201.3792634170095,199.5612053287623,,5472b78,,,
s09,explicit_nn_is,200000,1,ok,1651.705943031,3405.533237862,1851.491565828,3405.533237862,2,223.34706749999896,221.26743450417416,,5472b78,,,
s09,explicit_nn_is,200000,2,ok,1594.566319332,3398.066242688,1767.921939778,3398.066242688,0,221.99404366701492,220.0734530450427,,5472b78,,,
s09,implicit_nn,50000,0,ok,230.047650432,569.216126354,299.524210402,569.216126354,7,299.87493849999737,298.52683499394334,,5472b78,,,
s09,implicit_nn,50000,1,ok,291.859610035,1176.687531668,382.720969775,1176.687531668,2,294.2702279170044,293.0832219599106,,5472b78,,,
s09,implicit_nn,50000,2,ok,210.810627164,480.800714304,264.220234355,480.800714304,6,174.03041183299501,172.98369845596608,,5472b78,,,
s09,implicit_nn,200000,0,ok,223.035443435,532.363858831,287.629691374,532.363858831,7,173.3057442510035,169.41515716601862,,5472b78,,,
s09,implicit_nn,200000,1,ok,291.426145214,1159.213523162,381.704891331,1159.213523162,2,145.60354791700956,141.56720182998106,,5472b78,,,
s09,implicit_nn,200000,2,ok,220.283568275,547.285073462,281.003402703,547.285073462,5,146.3137897090055,142.42622562294127,,5472b78,,,
s09,implicit_ridge,50000,0,ok,1010.885317971,1823.035974073,1047.664553833,1823.035974073,2,140.76734066699282,0.5423091260599904,0.7455983749823645,e4fbd0c,,,
s09,implicit_ridge,50000,1,ok,1006.45926582,1831.123227868,1059.229040359,1831.123227868,0,140.8954636239505,0.5922932070679963,0.7981218329805415,e4fbd0c,,,
s09,implicit_ridge,50000,2,ok,1067.499287072,1815.660089045,1121.992099053,1815.660089045,3,140.8680834179686,0.5461719988670666,0.7542955839890055,e4fbd0c,,,
s09,implicit_ridge,200000,0,ok,1010.357474054,1835.52104406,1061.763137569,1835.52104406,3,144.896301250963,0.6364607070281636,1.4269017499755137,e4fbd0c,,,
s09,implicit_ridge,200000,1,ok,1011.541052053,1816.849585948,1048.938209296,1816.849585948,0,143.5500919589831,0.5920089540013578,1.3755803339881822,e4fbd0c,,,
s09,implicit_ridge,200000,2,ok,1050.127222191,1817.491856312,1097.097269234,1817.491856312,3,142.69588112598285,0.5303327099827584,1.2827796669735108,e4fbd0c,,,
s09,nw,50000,0,ok,982.182438743,1839.044806602,1029.257999123,1839.044806602,3,1.814258541999152,1.429614544089418,,5472b78,,,
s09,nw,50000,1,ok,1048.470765441,2166.521494012,1114.670266213,2166.521494012,0,1.5755101670220029,1.1914153760590125,,5472b78,,,
s09,nw,50000,2,ok,1008.946408909,1882.331209364,1060.292247768,1882.331209364,3,1.4934507500147447,1.1315744988678489,,5472b78,,,
s09,nw,200000,0,ok,1047.106990099,2242.20612576,1125.56982784,2242.20612576,3,2.5896367499954067,1.1280224208603613,,5472b78,,,
s09,nw,200000,1,ok,1034.141385834,1845.98956147,1080.813836051,1845.98956147,0,2.740481374989031,1.2581191611825489,,5472b78,,,
s09,nw,200000,2,ok,1030.284420098,1815.328339613,1083.807736012,1815.328339613,3,2.6512182500155177,1.2555929959926289,,5472b78,,,
s09,ridge,50000,0,ok,994.303635362,1834.038906299,1030.822913042,1834.038906299,3,6.150314958009403,5.928764455864439,,5472b78,,,
s09,ridge,50000,1,ok,1015.615358292,1811.391539352,1049.884656389,1811.391539352,0,6.016506084008142,5.812832790892571,,5472b78,,,
s09,ridge,50000,2,ok,1000.718260621,1829.911787634,1043.370641457,1829.911787634,3,6.157716292014811,5.949578920233762,,5472b78,,,
s09,ridge,200000,0,ok,1019.484159174,1845.913204602,1059.426699882,1845.913204602,3,6.542728583008284,5.8030437560228165,,5472b78,,,
s09,ridge,200000,1,ok,1006.717247157,1828.317437707,1039.160461427,1828.317437707,0,6.683846416999586,5.90633837506175,,5472b78,,,
s09,ridge,200000,2,ok,1018.107126936,1823.689268881,1063.706703471,1823.689268881,3,6.686246666009538,5.935780042986153,,5472b78,,,
s09,spline,50000,0,ok,1004.275431204,1839.293893292,1052.440135087,1839.293893292,3,0.40233158302726224,0.1994231645949185,,c9efffe,,,
s09,spline,50000,1,ok,1006.810321309,1798.295161965,1045.115726571,1798.295161965,0,0.39464579097693786,0.19281645823502913,,c9efffe,,,
s09,spline,50000,2,ok,1013.153375333,1849.920555397,1063.138625525,1849.920555397,3,0.37495612498605624,0.18358929199166596,,c9efffe,,,
s09,spline,200000,0,ok,1035.850427916,1887.437790125,1094.698431428,1887.437790125,4,0.926246415998321,0.1938788338447921,,c9efffe,,,
s09,spline,200000,1,ok,1038.157996485,1857.62428473,1088.985678324,1857.62428473,0,0.9602455000276677,0.21253787085879594,,c9efffe,,,
s09,spline,200000,2,ok,1035.539788314,1807.528538123,1083.215072545,1807.528538123,3,0.9232189590111375,0.19320091628469527,,c9efffe,,,
s10,explicit_nn,50000,0,ok,675.343446646,1301.260289056,573.02011456,952.356870328,0,90.26049858398619,90.03417270892533,,5472b78,,,
s10,explicit_nn,50000,1,ok,685.956462278,1353.375453799,574.821136904,1031.585226761,0,89.94306079100352,89.71825245593209,,5472b78,,,
s10,explicit_nn,50000,2,ok,675.256559634,1331.800500811,563.255955514,985.368592805,0,88.00146841601236,87.78586366795935,,5472b78,,,
s10,explicit_nn,200000,0,ok,679.525778544,1301.091538497,581.665633621,1003.749518565,0,88.64193566702306,87.85328429183573,,5472b78,,,
s10,explicit_nn,200000,1,ok,676.717366428,1326.056045767,567.594432076,993.45865768,0,87.29448129198863,86.4612197530223,,5472b78,,,
s10,explicit_nn,200000,2,ok,673.733339646,1314.839641822,563.834696047,961.617863959,0,94.86536829199758,94.03234974789666,,5472b78,,,
s10,explicit_nn_is,50000,0,ok,688.240488673,1331.948044125,586.173721609,994.514060107,0,199.62701133301016,199.1507476689003,,5472b78,,,
s10,explicit_nn_is,50000,1,ok,672.05484412,1310.007620549,563.102388219,969.254400473,0,204.40251095799613,203.7798691689095,,5472b78,,,
s10,explicit_nn_is,50000,2,ok,673.335220292,1329.191847742,564.292942464,988.299691459,0,209.84450945898425,209.35697404507664,,5472b78,,,
s10,explicit_nn_is,200000,0,ok,680.877840517,1309.48889769,579.707402279,969.199367772,0,210.54618495801697,208.65703179201228,,5472b78,,,
s10,explicit_nn_is,200000,1,ok,688.697158293,1339.339383436,578.121684741,997.412305829,0,126.47323137501371,125.37767879007151,,5472b78,,,
s10,explicit_nn_is,200000,2,ok,672.708265882,1302.57644496,568.653131193,961.037152041,0,122.63606004099711,121.59888807998504,,5472b78,,,
s10,implicit_nn,50000,0,ok,87.661434772,316.969494002,102.128555845,316.969494002,0,161.66625337401638,160.70392833690858,,5472b78,,,
s10,implicit_nn,50000,1,ok,138.366202321,452.58456987,176.529865117,452.58456987,0,155.62869404201047,154.64269125106512,,5472b78,,,
s10,implicit_nn,50000,2,ok,118.102844187,456.192669416,151.578771864,456.192669416,1,142.63586966801086,141.70716649992391,,5472b78,,,
s10,implicit_nn,200000,0,ok,112.887911207,448.566232939,141.393512355,448.566232939,0,145.44682629199815,141.89072487695375,,5472b78,,,
s10,implicit_nn,200000,1,ok,141.416550577,453.133331937,180.898440935,453.133331937,0,137.7870034580119,134.11410503913066,,5472b78,,,
s10,implicit_nn,200000,2,ok,137.691902804,511.993772972,176.903817861,511.993772972,1,137.9765622499981,134.17680920899147,,5472b78,,,
s10,implicit_ridge,50000,0,ok,657.391948014,1266.043072019,565.18045717,945.282468042,0,138.74695675002295,0.6850271248549689,0.9182393749943003,e4fbd0c,,,
s10,implicit_ridge,50000,1,ok,621.334490313,1220.896739722,527.153139378,898.580666126,0,138.99536004001857,0.5450861211284064,0.7484397910011467,e4fbd0c,,,
s10,implicit_ridge,50000,2,ok,666.120725493,1277.574941838,564.804737582,961.272559294,0,138.76942637600587,0.5969412500271574,0.8635617090039887,e4fbd0c,,,
s10,implicit_ridge,200000,0,ok,654.118308989,1240.409120519,566.083253022,925.744294477,0,142.99291075000656,0.6132629599887878,1.4296452499984298,e4fbd0c,,,
s10,implicit_ridge,200000,1,ok,636.94165167,1265.65621329,536.326990392,961.997490822,0,143.04175820801174,0.5138258329534438,1.3021397500124294,e4fbd0c,,,
s10,implicit_ridge,200000,2,ok,668.709891703,1311.071187391,562.35459587,974.481494997,0,142.83876620800584,0.5918297049356624,1.3666776659956668,e4fbd0c,,,
s10,nw,50000,0,ok,669.668624897,1242.427268214,583.25326618,925.115146074,0,0.8098479170002975,0.6045717099332251,,5472b78,,,
s10,nw,50000,1,ok,674.153619737,1307.547864357,570.363526064,976.288321657,0,0.8999629999743775,0.6750558759958949,,5472b78,,,
s10,nw,50000,2,ok,659.386133528,1285.399664068,555.005220696,936.359159697,0,0.8141752909868956,0.6061585409916006,,5472b78,,,
s10,nw,200000,0,ok,677.372630618,1287.333628936,584.659085407,962.875757495,0,1.5630402499809861,0.7098855469375849,,5472b78,,,
s10,nw,200000,1,ok,669.052909665,1288.871818266,568.711439486,966.008019456,0,1.446557249990292,0.6390865449793637,,5472b78,,,
s10,nw,200000,2,ok,661.574153158,1269.55147167,560.500784002,935.010473327,0,1.3763938329939265,0.5986903359589633,,5472b78,,,
s10,ridge,50000,0,ok,670.837753413,1262.541116196,579.173204034,929.202132874,0,5.983911834016908,5.773943249951117,,5472b78,,,
s10,ridge,50000,1,ok,668.212125189,1280.299336729,566.264764853,968.306024432,0,5.969140458008042,5.765974125999492,,5472b78,,,
s10,ridge,50000,2,ok,659.204844146,1283.000018088,558.003268711,955.369574181,0,5.845626416994492,5.6402224138437305,,5472b78,,,
s10,ridge,200000,0,ok,677.102073744,1287.158872738,583.635240826,971.067389364,0,6.440672291995725,5.6842466299422085,,5472b78,,,
s10,ridge,200000,1,ok,677.475895036,1298.606159244,574.337442728,987.67282595,0,7.246889666013885,6.465643249015557,,5472b78,,,
s10,ridge,200000,2,ok,663.057398016,1275.168827689,560.288892635,940.304230475,0,6.853099959000247,6.085730502003571,,5472b78,,,
s10,spline,50000,0,ok,673.411720691,1273.201747835,578.795227556,932.118737406,0,0.37859270797343925,0.18487171013839543,,c9efffe,,,
s10,spline,50000,1,ok,670.251223316,1295.282307791,565.971170677,975.883591332,0,0.3712128750048578,0.18086357903666794,,c9efffe,,,
s10,spline,50000,2,ok,662.054679772,1290.589916597,554.895981706,945.049538481,0,0.3710751659818925,0.18019887601258233,,c9efffe,,,
s10,spline,200000,0,ok,681.618989656,1289.836858865,588.523924417,980.480989964,0,0.9649422089569271,0.20265074813505635,,c9efffe,,,
s10,spline,200000,1,ok,671.078564267,1304.631920702,566.100233108,975.828790748,0,0.9458061669720337,0.19630304106976837,,c9efffe,,,
s10,spline,200000,2,ok,664.95788379,1267.743905048,561.982639572,946.515560874,0,0.9418542500352487,0.20200283417943865,,c9efffe,,,
s11,explicit_nn,50000,0,ok,717.092336105,1413.189937455,762.801488986,1413.189937455,0,89.29110237499117,89.04967295695678,,5472b78,,,
s11,explicit_nn,50000,1,ok,714.452329149,1399.588508546,763.527897056,1399.588508546,0,88.73430804198142,88.50928325185669,,5472b78,,,
s11,explicit_nn,50000,2,ok,717.034990265,1425.294985026,776.19910722,1425.294985026,4,87.73257454199484,87.51144062602543,,5472b78,,,
s11,explicit_nn,200000,0,ok,717.291046915,1411.76144936,761.911283413,1411.76144936,0,87.59334070800105,86.81424383202102,,5472b78,,,
s11,explicit_nn,200000,1,ok,721.362976652,1397.993664117,767.77843732,1397.993664117,0,86.5655469999765,85.7697929169808,,5472b78,,,
s11,explicit_nn,200000,2,ok,714.322885038,1427.2249371,765.734055825,1427.2249371,3,85.98050112498458,85.19187166693155,,5472b78,,,
s11,explicit_nn_is,50000,0,ok,724.272455988,1411.078024097,772.155660336,1411.078024097,0,87.81825641699834,87.54364037708729,,5472b78,,,
s11,explicit_nn_is,50000,1,ok,726.690527492,1391.151265203,775.140615158,1391.151265203,0,87.48760758398566,87.21448429190787,,5472b78,,,
s11,explicit_nn_is,50000,2,ok,716.583616117,1425.114478519,776.698485005,1425.114478519,4,87.88974516600138,87.62314999705995,,5472b78,,,
s11,explicit_nn_is,200000,0,ok,708.448735809,1412.919100009,755.559797964,1412.919100009,0,88.47090845799539,87.48209634012892,,5472b78,,,
s11,explicit_nn_is,200000,1,ok,719.512652001,1399.395908556,766.786218721,1399.395908556,0,86.60988645799807,85.62142895415309,,5472b78,,,
s11,explicit_nn_is,200000,2,ok,714.77879499,1418.973407544,775.300395076,1418.973407544,4,86.55837908398826,85.5644047530659,,5472b78,,,
s11,implicit_nn,50000,0,ok,298.644977416,1048.445327218,385.652772215,1048.445327218,2,135.8628337920236,134.95987024679198,,5472b78,,,
s11,implicit_nn,50000,1,ok,368.066471995,1108.278897681,478.33613451,1108.278897681,0,135.62345520898816,134.70462225400843,,5472b78,,,
s11,implicit_nn,50000,2,ok,303.320074924,1077.948095461,401.403272316,1077.948095461,4,138.21096708401456,137.29408462301944,,5472b78,,,
s11,implicit_nn,200000,0,ok,269.969823072,934.501767614,346.160354546,934.501767614,2,140.53224670799682,136.84573991797515,,5472b78,,,
s11,implicit_nn,200000,1,ok,331.288490837,1008.855301972,427.875371697,1008.855301972,0,140.5156987499795,136.68246850097785,,5472b78,,,
s11,implicit_nn,200000,2,ok,325.194354221,1158.122493459,434.492040776,1158.122493459,5,139.93791204199078,136.0723749579629,,5472b78,,,
s11,implicit_ridge,50000,0,ok,688.657108778,1408.146302483,742.707877354,1408.146302483,0,137.23455858201487,0.5794704579748213,0.7911897909943946,e4fbd0c,,,
s11,implicit_ridge,50000,1,ok,644.061807661,1311.821517843,685.079680136,1311.821517843,0,137.88765433299704,0.5727259159903042,0.776773541001603,e4fbd0c,,,
s11,implicit_ridge,50000,2,ok,681.129647715,1393.887032843,744.98856589,1393.887032843,4,137.67244033297175,0.49680199395515956,0.6968346659850795,e4fbd0c,,,
s11,implicit_ridge,200000,0,ok,693.47824211,1416.072405253,745.672567496,1416.072405253,0,142.21821220900165,0.6172368378611282,1.3929866249964107,e4fbd0c,,,
s11,implicit_ridge,200000,1,ok,662.835855674,1360.293354968,706.17772857,1360.293354968,0,142.87332416701247,0.61120912397746,1.3959061670175288,e4fbd0c,,,
s11,implicit_ridge,200000,2,ok,708.894594166,1418.336601633,770.008244301,1418.336601633,4,143.95906608199584,0.5730799192097038,1.3441391660016961,e4fbd0c,,,
s11,nw,50000,0,ok,712.748920985,1425.903982552,764.112195404,1425.903982552,0,0.8070844589965418,0.602856664074352,,5472b78,,,
s11,nw,50000,1,ok,698.601570099,1398.627911591,743.508714602,1398.627911591,1,0.7707359170017298,0.5706849171838257,,5472b78,,,
s11,nw,50000,2,ok,698.575668641,1421.17634229,757.154137999,1421.17634229,4,0.8025530829909258,0.5966624980501365,,5472b78,,,
s11,nw,200000,0,ok,708.863477253,1422.488174473,759.547438785,1422.488174473,0,1.3872323750110809,0.6366207070241217,,5472b78,,,
s11,nw,200000,1,ok,702.77004304,1396.326504453,749.201797965,1396.326504453,0,1.3799208749842364,0.6115840390266385,,5472b78,,,
s11,nw,200000,2,ok,707.23443503,1416.405027524,766.068266085,1416.405027524,4,1.3660363339877222,0.5975438370369375,,5472b78,,,
s11,ridge,50000,0,ok,714.011987975,1428.233573613,772.512374124,1428.233573613,0,6.054305083991494,5.829318871896248,,5472b78,,,
s11,ridge,50000,1,ok,699.251308895,1398.161558358,743.558133844,1398.161558358,0,5.86652033298742,5.6588935022300575,,5472b78,,,
s11,ridge,50000,2,ok,706.404092887,1420.971982555,770.241652434,1420.971982555,4,6.036007499991683,5.821685413859086,,5472b78,,,
s11,ridge,200000,0,ok,713.578326427,1427.34244989,769.463829612,1427.34244989,0,6.371337624994339,5.590084625961026,,5472b78,,,
s11,ridge,200000,1,ok,703.944018514,1396.497107216,752.764699677,1396.497107216,1,6.565128707996337,5.773352836054983,,5472b78,,,
s11,ridge,200000,2,ok,713.114773877,1422.721821702,779.126954996,1422.721821702,4,6.781530916981865,5.990833414980443,,5472b78,,,
s11,spline,50000,0,ok,718.293415696,1425.89629774,769.516633319,1425.89629774,0,0.3788539170054719,0.1876185818691738,,c9efffe,,,
s11,spline,50000,1,ok,700.359555008,1401.410034558,741.365506208,1401.410034558,0,0.4554980419925414,0.21404662530403584,,c9efffe,,,
s11,spline,50000,2,ok,701.977200892,1424.016689831,760.739471385,1424.016689831,4,0.45342933299252763,0.22230958292493597,,c9efffe,,,
s11,spline,200000,0,ok,712.194204112,1426.360181069,762.400111106,1426.360181069,0,0.9685711670317687,0.2223762049106881,,c9efffe,,,
s11,spline,200000,1,ok,702.248608125,1397.245017698,744.75994868,1397.245017698,0,0.9632041250006296,0.2129869169439189,,c9efffe,,,
s11,spline,200000,2,ok,710.752902612,1426.828474222,770.258970603,1426.828474222,4,0.9899487500078976,0.21748967113671824,,c9efffe,,,
s12,explicit_nn,50000,0,ok,738.467999241,1628.696214678,818.513930835,1628.696214678,2,88.45833591697738,88.23502432994428,,5472b78,,,
s12,explicit_nn,50000,1,ok,743.704065534,1617.990934676,817.358189553,1617.990934676,0,88.2753778330225,88.05654649814824,,5472b78,,,
s12,explicit_nn,50000,2,ok,763.855126299,1669.129486444,852.676410985,1669.129486444,3,87.151185041992,86.93225691988482,,5472b78,,,
s12,explicit_nn,200000,0,ok,749.172275146,1628.234499166,827.906591533,1628.234499166,2,87.46962904199609,86.69985850097146,,5472b78,,,
s12,explicit_nn,200000,1,ok,754.932517832,1627.386729762,826.302633353,1627.386729762,0,83.23853191698436,82.46657199799665,,5472b78,,,
s12,explicit_nn,200000,2,ok,767.386636183,1666.791864439,856.815482417,1666.791864439,3,83.16072004201123,82.37611595689668,,5472b78,,,
s12,explicit_nn_is,50000,0,ok,762.592384254,1628.280363989,838.948230814,1628.280363989,2,87.10811400000239,86.84021512398613,,5472b78,,,
s12,explicit_nn_is,50000,1,ok,752.004407267,1615.117145396,822.165067074,1615.117145396,0,86.84599683401757,86.57901891393703,,5472b78,,,
s12,explicit_nn_is,50000,2,ok,782.187205956,1665.669771286,874.77943237,1665.669771286,3,86.01562433299841,85.75089249992743,,5472b78,,,
s12,explicit_nn_is,200000,0,ok,755.733993381,1626.987029191,831.436299407,1626.987029191,2,86.70799008299946,85.71228375306237,,5472b78,,,
s12,explicit_nn_is,200000,1,ok,761.041693054,1620.688437669,831.646513776,1620.688437669,0,87.1914972079976,86.19648550002603,,5472b78,,,
s12,explicit_nn_is,200000,2,ok,763.020663411,1658.811059314,852.606079551,1658.811059314,3,86.82689529101481,85.83251762297004,,5472b78,,,
s12,implicit_nn,50000,0,ok,252.777020266,1048.241173785,329.837631145,1048.241173785,0,134.2663853749982,133.3483945011103,,5472b78,,,
s12,implicit_nn,50000,1,ok,275.332547267,1033.467368011,359.720744236,1033.467368011,0,134.67137233397807,133.70523812103784,,5472b78,,,
s12,implicit_nn,50000,2,ok,238.292538462,970.844145063,318.198041204,970.844145063,3,137.47960104199592,136.53547525012982,,5472b78,,,
s12,implicit_nn,200000,0,ok,186.82737457,679.420914301,241.280511151,679.420914301,0,139.93629062498803,136.22311929101124,,5472b78,,,
s12,implicit_nn,200000,1,ok,249.205795295,918.690998294,325.269173008,918.690998294,0,139.83233316702535,136.0633344159869,,5472b78,,,
s12,implicit_nn,200000,2,ok,207.811917947,821.853827014,275.93322118,821.853827014,3,139.79960387499887,135.75296537196846,,5472b78,,,
s12,implicit_ridge,50000,0,ok,740.22294968,1624.676255362,820.546494463,1624.676255362,2,140.97932516600122,0.5153143730130978,0.717509499983862,e4fbd0c,,,
s12,implicit_ridge,50000,1,ok,727.177095861,1601.437025107,799.546754187,1601.437025107,0,139.34317054101848,0.5545555060380138,0.7578052080352791,e4fbd0c,,,
s12,implicit_ridge,50000,2,ok,769.278678859,1665.989018182,861.130884232,1665.989018182,3,137.730781457969,0.5633864977862686,0.7676579169929028,e4fbd0c,,,
s12,implicit_ridge,200000,0,ok,751.095964819,1633.756378147,829.967471902,1633.756378147,2,142.82423195807496,0.565664128982462,1.3213917090324685,e4fbd0c,,,
s12,implicit_ridge,200000,1,ok,755.074441119,1633.622373293,825.685082946,1633.622373293,0,142.57640199991874,0.5719396220520139,1.3368489999556914,e4fbd0c,,,
s12,implicit_ridge,200000,2,ok,745.223580431,1562.922917794,828.609955906,1562.922917794,3,142.79140579199884,0.5749095418141223,1.3662999579682946,e4fbd0c,,,
s12,nw,50000,0,ok,720.126674609,1605.538185339,805.050134176,1605.538185339,2,0.8846766659989953,0.6625909998547286,,5472b78,,,
s12,nw,50000,1,ok,728.56864668,1625.103887774,808.189801819,1625.103887774,0,0.7656536249851342,0.5652078310668003,,5472b78,,,
s12,nw,50000,2,ok,741.286273912,1631.147864485,834.585416394,1631.147864485,3,0.7579292500158772,0.5636788819683716,,5472b78,,,
s12,nw,200000,0,ok,724.15795028,1623.771447834,801.10705961,1623.771447834,1,1.3514573330176063,0.5938289601763245,,5472b78,,,
s12,nw,200000,1,ok,741.483603189,1629.449208681,819.228404704,1629.449208681,0,1.339407375024166,0.576083497988293,,5472b78,,,
s12,nw,200000,2,ok,749.214565253,1660.547238919,844.249230866,1660.547238919,3,1.3344412080186885,0.5856422100623604,,5472b78,,,
s12,ridge,50000,0,ok,743.110818254,1634.563529182,823.402685425,1634.563529182,2,6.294745666993549,6.078974539006595,,5472b78,,,
s12,ridge,50000,1,ok,746.968263692,1634.834971017,821.985528554,1634.834971017,0,6.323944749980001,6.120081536035286,,5472b78,,,
s12,ridge,50000,2,ok,767.50915933,1678.037837883,859.023248253,1678.037837883,3,6.220991874986794,6.01325420793728,,5472b78,,,
s12,ridge,200000,0,ok,751.007331005,1634.345996046,830.483395453,1634.345996046,2,6.8064044160128105,6.055078043078538,,5472b78,,,
s12,ridge,200000,1,ok,757.669658902,1638.447390255,828.143319437,1638.447390255,0,6.65010933400481,5.882649331964785,,5472b78,,,
s12,ridge,200000,2,ok,768.308642684,1673.233340328,858.038484256,1673.233340328,3,6.6286862090055365,5.88342095707776,,5472b78,,,
s12,spline,50000,0,ok,738.339927434,1630.832248279,820.201633084,1630.832248279,2,0.41046391701092944,0.20652546075871214,,c9efffe,,,
s12,spline,50000,1,ok,743.599771162,1634.284411423,817.770512187,1634.284411423,0,0.4212114589754492,0.21265550487441942,,c9efffe,,,
s12,spline,50000,2,ok,760.030575258,1665.299561555,850.584184058,1665.299561555,3,0.39912158297374845,0.1959220021381043,,c9efffe,,,
s12,spline,200000,0,ok,744.588864836,1629.06805146,824.781253906,1629.06805146,2,0.9568406670005061,0.20137129409704357,,c9efffe,,,
s12,spline,200000,1,ok,756.85051341,1638.508383799,828.604114127,1638.508383799,0,0.9318966250284575,0.1971521700033918,,c9efffe,,,
s12,spline,200000,2,ok,765.828994081,1665.820710919,856.007353799,1665.820710919,3,1.0456237089820206,0.26899783505359665,,c9efffe,,,
s13,explicit_nn,50000,0,ok,112.066117556,444.232017101,143.573462005,444.232017101,0,88.6112241249939,88.39050870711799,,5472b78,,,
s13,explicit_nn,50000,1,ok,110.929371858,412.922108355,142.005703094,412.922108355,0,87.77877266600262,87.5564832049422,,5472b78,,,
s13,explicit_nn,50000,2,ok,130.626188369,449.642750925,170.300984914,449.642750925,0,85.52175008400809,85.30146229296224,,5472b78,,,
s13,explicit_nn,200000,0,ok,111.396995346,405.057700985,140.189142643,405.057700985,0,86.80576504199416,86.0308708352095,,5472b78,,,
s13,explicit_nn,200000,1,ok,117.936146257,452.658234661,151.491778181,452.658234661,0,83.79967445900547,83.02215766508016,,5472b78,,,
s13,explicit_nn,200000,2,ok,134.461352244,450.427243681,174.251744273,450.427243681,0,83.28980387499905,82.5234999989625,,5472b78,,,
s13,explicit_nn_is,50000,0,ok,110.897369009,385.762647249,138.851599679,385.762647249,0,86.19448295899201,85.92397491502925,,5472b78,,,
s13,explicit_nn_is,50000,1,ok,112.065671393,411.915080956,142.814121395,411.915080956,0,86.43501662500785,86.15922458699788,,5472b78,,,
s13,explicit_nn_is,50000,2,ok,132.681956306,458.335564857,172.235954235,458.335564857,0,88.51194054199732,88.24063579292852,,5472b78,,,
s13,explicit_nn_is,200000,0,ok,108.085410757,397.853067234,136.077886736,397.853067234,0,88.71180424999329,87.7181118739827,,5472b78,,,
s13,explicit_nn_is,200000,1,ok,114.991455915,440.784772552,146.929322686,440.784772552,0,87.72208137498819,86.72381742193829,,5472b78,,,
s13,explicit_nn_is,200000,2,ok,138.102316977,471.654842462,179.139579822,471.654842462,0,86.9733140419994,85.96522520610597,,5472b78,,,
s13,implicit_nn,50000,0,ok,94.615045162,355.71356027,122.288630152,355.71356027,0,135.8583365829836,134.8499085440708,,5472b78,,,
s13,implicit_nn,50000,1,ok,70.501474081,234.27070909,83.339284015,234.27070909,0,135.40165929100476,134.45727313112002,,5472b78,,,
s13,implicit_nn,50000,2,ok,107.859851449,433.450174956,137.954036092,433.450174956,0,137.95305283399648,136.8134348319145,,5472b78,,,
s13,implicit_nn,200000,0,ok,69.149260458,210.297468856,81.097689633,210.297468856,0,141.3653690830106,137.33119045809144,,5472b78,,,
s13,implicit_nn,200000,1,ok,105.000772597,341.621855629,133.59966575,341.621855629,0,139.98328491600114,135.91341053807992,,5472b78,,,
s13,implicit_nn,200000,2,ok,105.009775073,393.09560844,137.743188308,393.09560844,0,140.43255083297845,136.17073229292873,,5472b78,,,
s13,implicit_ridge,50000,0,ok,109.84952698,417.586188816,140.099910063,417.586188816,0,141.10383649996947,0.5823205013293773,0.7932432499947026,e4fbd0c,,,
s13,implicit_ridge,50000,1,ok,109.638018834,437.310679281,141.00282138,437.310679281,0,141.27833379094955,0.5185359166935086,0.7223155410028994,e4fbd0c,,,
s13,implicit_ridge,50000,2,ok,134.879451689,438.068115042,174.127507333,438.068115042,0,140.99356554198312,0.5064532508258708,0.7092972079990432,e4fbd0c,,,
s13,implicit_ridge,200000,0,ok,114.842614166,444.094403718,146.87231711,444.094403718,0,144.51601008395664,0.6147397090680897,1.435301958990749,e4fbd0c,,,
s13,implicit_ridge,200000,1,ok,114.656291691,431.88504933,146.430400561,431.88504933,0,141.69607399904635,0.5940705043612979,1.3581613330170512,e4fbd0c,,,
s13,implicit_ridge,200000,2,ok,132.871211678,440.089424393,170.930884936,440.089424393,0,140.62791500095045,0.501239126897417,1.2496268749819137,e4fbd0c,,,
s13,nw,50000,0,ok,117.957814205,473.361987413,152.257139622,473.361987413,0,0.7977121669973712,0.5956836670811754,,5472b78,,,
s13,nw,50000,1,ok,116.465259234,441.15633418,149.809645664,441.15633418,0,0.7837076249998063,0.5832771620480344,,5472b78,,,
s13,nw,50000,2,ok,140.237443888,523.744629246,183.694289068,523.744629246,0,0.7422347080137115,0.5427789591485634,,5472b78,,,
s13,nw,200000,0,ok,114.901090264,422.969279093,145.864215048,422.969279093,0,1.3427168749913108,0.5821007910417393,,5472b78,,,
s13,nw,200000,1,ok,119.702508287,443.268284328,154.14468908,443.268284328,0,1.410294375004014,0.5953448719228618,,5472b78,,,
s13,nw,200000,2,ok,136.480607918,480.460473917,177.205066325,480.460473917,0,1.4984083750168793,0.6378018750692718,,5472b78,,,
s13,ridge,50000,0,ok,111.78975155,445.845474468,143.374544071,445.845474468,0,6.113763582980027,5.8975713731197175,,5472b78,,,
s13,ridge,50000,1,ok,113.206779688,428.210443484,144.985246478,428.210443484,0,5.867395374982152,5.6587201671500225,,5472b78,,,
s13,ridge,50000,2,ok,132.951640896,475.47316873,173.571276668,475.47316873,0,5.8469852920097765,5.645306211867137,,5472b78,,,
s13,ridge,200000,0,ok,111.850553582,409.991482829,141.058859574,409.991482829,0,6.493655875005061,5.732203251944156,,5472b78,,,
s13,ridge,200000,1,ok,119.19390226,462.023621912,153.209783099,462.023621912,0,6.39020491699921,5.6340126259601675,,5472b78,,,
s13,ridge,200000,2,ok,135.673831188,464.216947697,175.857845641,464.216947697,0,6.440201041987166,5.67520608092309,,5472b78,,,
s13,spline,50000,0,ok,114.184711989,458.336011566,146.738701749,458.336011566,0,0.3858317500562407,0.1928865851368755,,c9efffe,,,
s13,spline,50000,1,ok,115.72093954,440.472406578,148.459501748,440.472406578,0,0.3893576670088805,0.19063866889337078,,c9efffe,,,
s13,spline,50000,2,ok,131.388099177,486.517138387,171.402946097,486.517138387,0,0.374034209002275,0.18258491915185004,,c9efffe,,,
s13,spline,200000,0,ok,116.603587655,443.029302228,147.856829399,443.029302228,0,0.943155208020471,0.2007885019411333,,c9efffe,,,
s13,spline,200000,1,ok,122.714895048,477.333822225,158.149311414,477.333822225,0,1.0039783340180293,0.22802320931805298,,c9efffe,,,
s13,spline,200000,2,ok,135.561878076,486.013144616,175.681261648,486.013144616,0,0.9234050420345739,0.19479350291658193,,c9efffe,,,
s14,explicit_nn,50000,0,ok,61.440422787,180.471267859,75.977979029,180.471267859,0,89.95052233300521,89.71181162598077,,5472b78,,,
s14,explicit_nn,50000,1,ok,40.545233521,99.474443186,46.581265552,99.474443186,0,89.38110091700219,89.11385820977739,,5472b78,,,
s14,explicit_nn,50000,2,ok,104.276856216,547.06949565,138.015947655,547.06949565,0,87.08840454200981,86.86980833709822,,5472b78,,,
s14,explicit_nn,200000,0,ok,59.118493858,172.34871973,73.509165512,172.34871973,0,87.97833304200321,87.19341178916511,,5472b78,,,
s14,explicit_nn,200000,1,ok,38.79982962,85.054220826,42.75619402,85.054220826,0,83.61525258299662,82.82823354488937,,5472b78,,,
s14,explicit_nn,200000,2,ok,98.614626298,504.669647707,129.894945771,504.669647707,0,83.2140304170025,82.44945799798006,,5472b78,,,
s14,explicit_nn_is,50000,0,ok,59.794712656,177.275069902,74.091090804,177.275069902,0,86.42222800001036,86.15688870701706,,5472b78,,,
s14,explicit_nn_is,50000,1,ok,38.26232956,90.782525794,42.939424782,90.782525794,0,86.66530262498418,86.39810616706382,,5472b78,,,
s14,explicit_nn_is,50000,2,ok,97.570573049,510.147416713,128.833421847,510.147416713,0,86.25573654199252,85.98746753693558,,5472b78,,,
s14,explicit_nn_is,200000,0,ok,61.441257351,179.898896453,76.403859238,179.898896453,0,87.05860979200224,86.06736920797266,,5472b78,,,
s14,explicit_nn_is,200000,1,ok,37.651537368,81.046726583,40.706494833,81.046726583,0,89.6741672079952,88.67125629019574,,5472b78,,,
s14,explicit_nn_is,200000,2,ok,108.532515104,565.584099494,143.402998923,565.584099494,0,89.76994175001164,88.76040299408487,,5472b78,,,
s14,implicit_nn,50000,0,ok,58.899583293,147.854563334,43.804226371,112.022217597,0,137.56446754100034,136.57629049906973,,5472b78,,,
s14,implicit_nn,50000,1,ok,62.203578743,143.701000249,54.589977287,143.701000249,0,137.37612329202238,136.38331357593415,,5472b78,,,
s14,implicit_nn,50000,2,ok,93.609765401,277.573991149,93.586583649,277.573991149,0,139.8412022080156,138.80557642204803,,5472b78,,,
s14,implicit_nn,200000,0,ok,50.819333464,127.041185112,33.338876435,84.171923015,0,142.8329587909975,138.80059925216483,,5472b78,,,
s14,implicit_nn,200000,1,ok,95.343928223,201.470137969,92.219262551,201.470137969,0,141.49067704202025,137.63370612406288,,5472b78,,,
s14,implicit_nn,200000,2,ok,79.458858521,328.209072109,79.357222817,328.209072109,0,141.07212624998647,137.14137732994277,,5472b78,,,
s14,implicit_ridge,50000,0,ok,61.792770184,191.029310684,78.354276289,191.029310684,0,136.8331795829581,0.5777173306560144,0.7838348749792203,e4fbd0c,,,
s14,implicit_ridge,50000,1,ok,42.87293793,101.847992519,48.42091616,101.847992519,0,137.74612587399315,0.5533334613428451,0.7595110409893095,e4fbd0c,,,
s14,implicit_ridge,50000,2,ok,102.962379788,528.031076582,134.977566815,528.031076582,0,138.32139954093145,0.5681305418838747,0.7732653749990277,e4fbd0c,,,
s14,implicit_ridge,200000,0,ok,59.105687922,180.758096732,74.100486958,180.758096732,0,143.3898622910492,0.5655013743671589,1.3532435829984024,e4fbd0c,,,
s14,implicit_ridge,200000,1,ok,41.800477849,94.088686377,46.349990465,94.088686377,0,143.58591708401218,0.5895815002731979,1.3424758749897592,e4fbd0c,,,
s14,implicit_ridge,200000,2,ok,96.395178953,496.788032167,126.618820992,496.788032167,0,143.68334004096687,0.5897970806108788,1.383059540996328,e4fbd0c,,,
s14,nw,50000,0,ok,56.448024695,162.12221494,69.782961473,162.12221494,0,0.8667922919848934,0.6546862940012943,,5472b78,,,
s14,nw,50000,1,ok,42.135936222,97.74580067,50.564373052,97.74580067,0,0.8057235839951318,0.6029427089670207,,5472b78,,,
s14,nw,50000,2,ok,97.986674205,504.649015293,130.045327018,504.649015293,0,0.8206501250097062,0.6178694581321906,,5472b78,,,
s14,nw,200000,0,ok,52.020166398,155.382766412,63.752535644,155.382766412,0,1.3579666659934446,0.6017014971002936,,5472b78,,,
s14,nw,200000,1,ok,38.362824258,81.582954679,43.35993393,81.582954679,0,1.3390737920126412,0.5881950419570785,,5472b78,,,
s14,nw,200000,2,ok,96.928814665,503.400935337,128.058129169,503.400935337,0,1.3344275410054252,0.5878047099977266,,5472b78,,,
s14,ridge,50000,0,ok,61.163675451,180.075703592,75.491047199,180.075703592,0,6.1956625420134515,5.985013624915155,,5472b78,,,
s14,ridge,50000,1,ok,40.498092803,99.625745848,46.861025473,99.625745848,0,5.907070749992272,5.700396120082587,,5472b78,,,
s14,ridge,50000,2,ok,104.165186725,547.456873518,137.9919565,547.456873518,0,5.930100500001572,5.72478595902794,,5472b78,,,
s14,ridge,200000,0,ok,59.372419769,175.661003192,73.925049888,175.661003192,0,6.466004999994766,5.709875623986591,,5472b78,,,
s14,ridge,200000,1,ok,39.286516083,86.014185103,43.943306433,86.014185103,0,6.483092708978802,5.704694006999489,,5472b78,,,
s14,ridge,200000,2,ok,99.535062775,510.780221748,131.23444927,510.780221748,0,6.390425458987011,5.643437959020957,,5472b78,,,
s14,spline,50000,0,ok,57.429412001,171.189774561,70.085321252,171.189774561,0,0.3893862909753807,0.1860274579958059,,c9efffe,,,
s14,spline,50000,1,ok,37.505586198,88.201227969,41.88711233,88.201227969,0,0.3757043750374578,0.18569974816637114,,c9efffe,,,
s14,spline,50000,2,ok,95.195390936,485.225661828,125.38958736,485.225661828,0,0.3694103339803405,0.17952441878151149,,c9efffe,,,
s14,spline,200000,0,ok,53.975351201,162.298015663,65.955902609,162.298015663,0,0.9247754159732722,0.1940570815349929,,c9efffe,,,
s14,spline,200000,1,ok,37.197912885,76.613689723,40.13528641,76.613689723,0,0.9232183339772746,0.19170512026175857,,c9efffe,,,
s14,spline,200000,2,ok,92.969853921,463.580351221,121.97163787,463.580351221,0,0.9598461250425316,0.2098164150957018,,c9efffe,,,
s15,explicit_nn,50000,0,ok,176.750805442,924.235612483,253.291214407,924.235612483,6,88.69272266599,88.4715115831059,,5472b78,,,
s15,explicit_nn,50000,1,ok,236.373482671,1237.976573895,336.371495285,1237.976573895,5,88.48119033299736,88.25838691493846,,5472b78,,,
s15,explicit_nn,50000,2,ok,56.089767653,174.027756144,66.895382126,174.027756144,11,85.88537279199227,85.66854203597177,,5472b78,,,
s15,explicit_nn,200000,0,ok,181.28255738,924.321137017,256.890952211,924.321137017,5,86.62634025001898,85.8470154608367,,5472b78,,,
s15,explicit_nn,200000,1,ok,237.599100148,1239.570442416,337.787280156,1239.570442416,5,83.68318887497298,82.89683541396516,,5472b78,,,
s15,explicit_nn,200000,2,ok,56.756855272,151.612442204,66.736045523,151.612442204,11,83.97144862500136,83.17953350202879,,5472b78,,,
s15,explicit_nn_is,50000,0,ok,180.888631894,932.265346449,256.842309612,932.265346449,5,85.93063887499738,85.66280141202151,,5472b78,,,
s15,explicit_nn_is,50000,1,ok,236.332239425,1235.862615275,336.159236965,1235.862615275,5,86.27272370900027,86.00096883191145,,5472b78,,,
s15,explicit_nn_is,50000,2,ok,53.156549689,160.540704535,61.896269793,160.540704535,11,86.2541655000241,85.988727875927,,5472b78,,,
s15,explicit_nn_is,200000,0,ok,180.443462653,922.043377644,256.152891077,922.043377644,5,87.22215741701075,86.23474629194243,,5472b78,,,
s15,explicit_nn_is,200000,1,ok,240.422980072,1241.351451861,338.39681872,1241.351451861,4,86.98694591698586,86.0025479219621,,5472b78,,,
s15,explicit_nn_is,200000,2,ok,57.673272529,168.390332593,67.795641679,168.390332593,11,87.00835120899137,86.01900820891024,,5472b78,,,
s15,implicit_nn,50000,0,ok,195.981693675,1027.81212646,282.263829925,1027.81212646,6,136.53600795799866,135.58525853705942,,5472b78,,,
s15,implicit_nn,50000,1,ok,241.076456841,1272.202494549,339.953367026,1272.202494549,4,136.55698058300186,135.6640246209572,,5472b78,,,
s15,implicit_nn,50000,2,ok,50.211123334,168.795880816,61.907316877,168.795880816,11,138.96983691700734,137.91335387388244,,5472b78,,,
s15,implicit_nn,200000,0,ok,200.428863707,1023.353380039,285.55816128,1023.353380039,5,141.5056431670091,137.50511662499048,,5472b78,,,
s15,implicit_nn,200000,1,ok,241.4004934,1270.464287466,339.907906438,1270.464287466,4,140.4390890839859,136.72352054089424,,5472b78,,,
s15,implicit_nn,200000,2,ok,53.317805039,159.399996118,64.913187659,159.399996118,11,141.57797345900326,137.63554766701418,,5472b78,,,
s15,implicit_ridge,50000,0,ok,179.124746591,946.289560689,257.662618497,946.289560689,6,138.48116033297265,0.5613033741828986,0.766434749995824,e4fbd0c,,,
s15,implicit_ridge,50000,1,ok,235.485320464,1234.989856119,335.270612704,1234.989856119,5,138.24707279197173,0.5934923720778897,0.8008230000268668,e4fbd0c,,,
s15,implicit_ridge,50000,2,ok,49.998283003,163.07837283,59.66659266,163.07837283,11,138.3209141670959,0.4857287108898163,0.6879330000374466,e4fbd0c,,,
s15,implicit_ridge,200000,0,ok,177.286058293,939.323020787,254.936928015,939.323020787,6,141.96994233404985,0.5721694610547274,1.3379715000046417,e4fbd0c,,,
s15,implicit_ridge,200000,1,ok,237.534385263,1240.782455356,337.925036983,1240.782455356,5,142.10617295798147,0.6196827118983492,1.447474249987863,e4fbd0c,,,
s15,implicit_ridge,200000,2,ok,50.831745879,156.929150097,61.281166046,156.929150097,11,142.49112008395605,0.61229308671318,1.3941937499912456,e4fbd0c,,,
s15,nw,50000,0,ok,181.884685045,940.720606208,258.160158682,940.720606208,5,0.8692971669952385,0.6530429630656727,,5472b78,,,
s15,nw,50000,1,ok,235.849501162,1236.787802985,335.759741171,1236.787802985,5,0.7756180000142194,0.5745647931180429,,5472b78,,,
s15,nw,50000,2,ok,53.831700173,156.371125819,63.83700345,156.371125819,11,0.9337689999956638,0.7150724590173922,,5472b78,,,
s15,nw,200000,0,ok,181.14571465,961.257354777,257.458709703,961.257354777,5,1.3315094170102384,0.5718899220228195,,5472b78,,,
s15,nw,200000,1,ok,235.736867056,1234.449743967,335.489759537,1234.449743967,5,1.3987838329921942,0.6299662079836708,,5472b78,,,
s15,nw,200000,2,ok,51.073251974,133.578709119,60.915257807,131.544800308,11,1.3228127079783008,0.5677306670695543,,5472b78,,,
s15,ridge,50000,0,ok,177.946295817,934.996408046,255.584298966,934.996408046,6,6.287720583000919,6.067672162957024,,5472b78,,,
s15,ridge,50000,1,ok,234.691834,1234.266218759,334.270392957,1234.266218759,5,6.132586624997202,5.930561705055879,,5472b78,,,
s15,ridge,50000,2,ok,53.363346056,173.962358258,65.035496261,173.962358258,11,6.2433910419931635,6.035559751937399,,5472b78,,,
s15,ridge,200000,0,ok,181.231695816,944.462033883,257.547023238,944.462033883,5,7.0848471249919385,6.31492983395583,,5472b78,,,
s15,ridge,200000,1,ok,236.014099926,1236.607686089,335.905852902,1236.607686089,5,6.854719916998874,6.064720042020781,,5472b78,,,
s15,ridge,200000,2,ok,52.136463926,149.786595683,62.301296743,149.786595683,11,6.571497791999718,5.823288458108436,,5472b78,,,
s15,spline,50000,0,ok,176.45988959,931.782509726,250.538028354,931.782509726,5,0.37094020802760497,0.18131541210459545,,c9efffe,,,
s15,spline,50000,1,ok,235.299966702,1231.82568942,334.993142019,1231.82568942,5,0.3677639589877799,0.17856237577507272,,c9efffe,,,
s15,spline,50000,2,ok,53.186210352,146.60885817,64.84688423,146.60885817,11,0.38991749996785074,0.19077616930007935,,c9efffe,,,
s15,spline,200000,0,ok,177.246588265,948.825806192,251.655203706,948.825806192,5,0.94088545802515,0.1980902079376392,,c9efffe,,,
s15,spline,200000,1,ok,235.730154329,1231.47392529,335.425793312,1231.47392529,5,0.9311282500275411,0.196492831222713,,c9efffe,,,
s15,spline,200000,2,ok,52.550006128,133.636992021,63.192853845,123.978218645,11,0.9711080830311403,0.20507262280443683,,c9efffe,,,
s16,explicit_nn,50000,0,ok,614.949047994,1478.80194491,730.075707823,1478.80194491,2,90.70231891600997,90.47346537403064,,5472b78,,,
s16,explicit_nn,50000,1,ok,612.88403416,1469.333605339,716.180948917,1469.333605339,0,90.67811579100089,90.44329824499437,,5472b78,,,
s16,explicit_nn,50000,2,ok,624.897219599,1509.542641521,746.079821182,1509.542641521,2,88.11719850002555,87.89819987892406,,5472b78,,,
s16,explicit_nn,200000,0,ok,623.385004312,1490.444271587,738.302329805,1490.444271587,2,88.50713833299233,87.72321966703748,,5472b78,,,
s16,explicit_nn,200000,1,ok,613.714042802,1475.138287913,716.029147433,1475.138287913,0,85.55109229200752,84.76438225002494,,5472b78,,,
s16,explicit_nn,200000,2,ok,636.378543617,1514.448156574,753.640503615,1514.448156574,2,85.00465099999565,84.2253284160688,,5472b78,,,
s16,explicit_nn_is,50000,0,ok,618.6076782,1479.900843608,734.004460496,1479.900843608,2,95.67121804199996,95.36894803997711,,5472b78,,,
s16,explicit_nn_is,50000,1,ok,612.531332369,1472.205928922,714.150335297,1472.205928922,0,96.04384445800679,95.74584587503341,,5472b78,,,
s16,explicit_nn_is,50000,2,ok,630.009297067,1506.130826767,748.297224675,1506.130826767,2,97.26850250002462,96.98982554193935,,5472b78,,,
s16,explicit_nn_is,200000,0,ok,617.081111914,1476.700821276,731.687130077,1476.700821276,2,97.83141862502089,96.7861918398412,,5472b78,,,
s16,explicit_nn_is,200000,1,ok,615.968787228,1468.975995678,718.675560161,1468.975995678,0,90.3399902920064,89.33108524707495,,e4fbd0c,,,
s16,explicit_nn_is,200000,2,ok,624.242882218,1502.809930807,744.260996655,1502.809930807,2,89.56601329200203,88.54268612500164,,e4fbd0c,,,
s16,implicit_nn,50000,0,ok,168.791680509,508.105952826,213.740385066,508.105952826,0,137.87143970798934,136.93132954306202,,e4fbd0c,,,
s16,implicit_nn,50000,1,ok,204.767841231,573.227987434,263.958976815,573.227987434,0,137.31042741599958,136.37459583004238,,e4fbd0c,,,
s16,implicit_nn,50000,2,ok,189.886395992,551.323280049,248.727410965,551.323280049,2,137.27534641700913,136.25362308099284,,e4fbd0c,,,
s16,implicit_nn,200000,0,ok,141.555749638,354.705992088,179.588609259,354.705992088,0,139.81073424898204,136.04580366698792,,e4fbd0c,,,
s16,implicit_nn,200000,1,ok,294.199404013,881.352867684,371.563408141,881.352867684,0,139.84892537500127,135.88348216784652,,e4fbd0c,,,
s16,implicit_nn,200000,2,ok,182.07873478,504.391836063,239.920402825,504.391836063,2,139.64744329202222,135.81155396185932,,e4fbd0c,,,
s16,implicit_ridge,50000,0,ok,454.114922875,1227.796727704,522.83373968,1227.796727704,1,139.33146445994498,0.49189162999391556,0.6907593340147287,e4fbd0c,,,
s16,implicit_ridge,50000,1,ok,449.194221664,1212.728386921,520.406973571,1212.728386921,0,139.38162987597752,0.5646077941637486,0.7697800419991836,e4fbd0c,,,
s16,implicit_ridge,50000,2,ok,468.547284494,1245.591532882,547.071717942,1245.591532882,1,138.7967690420337,0.5812992529245093,0.7995104579604231,e4fbd0c,,,
s16,implicit_ridge,200000,0,ok,455.329836219,1212.176122982,520.675523723,1212.176122982,1,143.2343955830438,0.5811549192294478,1.3743853750056587,e4fbd0c,,,
s16,implicit_ridge,200000,1,ok,470.506680515,1147.369561846,535.548290914,1147.369561846,0,143.24369945999933,0.5329706650809385,1.2961700420128182,e4fbd0c,,,
s16,implicit_ridge,200000,2,ok,473.933481308,1293.832071861,552.752353135,1293.832071861,2,143.47664458397776,0.575847459200304,1.3467546669999138,e4fbd0c,,,
s16,nw,50000,0,ok,436.895094143,1246.293694175,509.573996282,1246.293694175,0,0.9073432919976767,0.6818961269455031,,5472b78,,,
s16,nw,50000,1,ok,434.337612549,1204.497216536,509.793938675,1204.497216536,0,0.8411364170024171,0.6367812491080258,,5472b78,,,
s16,nw,50000,2,ok,437.933154363,1231.043959161,525.390236639,1231.043959161,2,0.8254522500210442,0.6230286701174919,,5472b78,,,
s16,nw,200000,0,ok,450.594316444,1246.15482711,528.240584488,1246.15482711,1,1.346175749989925,0.5852345421735663,,5472b78,,,
s16,nw,200000,1,ok,441.679278505,1183.932320588,512.091821046,1183.932320588,0,1.3608150410000235,0.5917959600337781,,5472b78,,,
s16,nw,200000,2,ok,455.017276075,1114.367827106,531.97748158,1114.367827106,2,1.3866679170168936,0.6238274959905539,,5472b78,,,
s16,ridge,50000,0,ok,434.160708559,1135.567859157,497.453457492,1135.567859157,0,6.016347915981896,5.813314039958641,,5472b78,,,
s16,ridge,50000,1,ok,437.244631475,1149.594446,503.304678671,1149.594446,0,6.170342999976128,5.958009751921054,,5472b78,,,
s16,ridge,50000,2,ok,434.061229249,1170.658331454,511.520144266,1170.658331454,2,6.346634917019401,6.1503926209989,,5472b78,,,
s16,ridge,200000,0,ok,452.548498243,1241.08349738,524.19836537,1241.08349738,1,6.966626290988643,6.193567037960747,,5472b78,,,
s16,ridge,200000,1,ok,440.775964275,1112.258547795,501.995830512,1112.258547795,0,6.451848291995702,5.697720163880149,,5472b78,,,
s16,ridge,200000,2,ok,471.811428246,1243.345777896,551.426867827,1243.345777896,2,6.4199304999783635,5.644774622982368,,5472b78,,,
s16,spline,50000,0,ok,424.767918499,1095.802564078,481.455793162,1095.802564078,0,0.3608724579680711,0.17511129181366414,,c9efffe,,,
s16,spline,50000,1,ok,440.158089133,1167.099306044,508.229034862,1167.099306044,0,0.37387412501266226,0.18307354289572686,,c9efffe,,,
s16,spline,50000,2,ok,445.455665258,1231.582069601,527.373234756,1231.582069601,2,0.3754792920080945,0.18428412295179442,,c9efffe,,,
s16,spline,200000,0,ok,453.471488278,1231.686445763,519.578056959,1231.686445763,0,0.9851636670064181,0.21304153802338988,,c9efffe,,,
s16,spline,200000,1,ok,447.125860469,1132.230746359,512.293974327,1132.230746359,0,0.960972250031773,0.20751191704766825,,c9efffe,,,
s16,spline,200000,2,ok,475.543198345,1234.394079245,554.496150425,1234.394079245,2,0.9285537910182029,0.20018658018670976,,c9efffe,,,
s17,explicit_nn,50000,0,ok,46.308396467,141.085518905,52.879681186,141.085518905,2,87.89470137501485,87.6669249148108,,e4fbd0c,,,
s17,explicit_nn,50000,1,ok,80.13045238,449.654617942,104.962722003,449.654617942,2,87.60486491699703,87.38375104087754,,e4fbd0c,,,
s17,explicit_nn,50000,2,ok,68.213868183,263.483570527,87.283416252,263.483570527,6,86.0422345000261,85.82398262585048,,e4fbd0c,,,
s17,explicit_nn,200000,0,ok,43.863102034,123.924784969,48.826331273,122.423239265,2,86.69430245799595,85.89364058611682,,e4fbd0c,,,
s17,explicit_nn,200000,1,ok,82.105299851,450.809592837,107.224512205,450.809592837,2,82.37558333299239,81.59598416197696,,e4fbd0c,,,
s17,explicit_nn,200000,2,ok,67.053086673,251.084947885,84.249545157,251.084947885,6,82.87725258400314,82.10712045291439,,e4fbd0c,,,
s17,explicit_nn_is,50000,0,ok,41.862500752,117.065661258,46.368885906,113.794023448,2,85.9809657910082,85.71586017002119,,e4fbd0c,,,
s17,explicit_nn_is,50000,1,ok,81.918895021,449.018397453,107.409377342,449.018397453,2,85.5075348750106,85.2387801190489,,e4fbd0c,,,
s17,explicit_nn_is,50000,2,ok,64.998955684,245.075830301,82.273573499,245.075830301,6,85.29117970800144,85.02824049894116,,e4fbd0c,,,
s17,explicit_nn_is,200000,0,ok,42.2620201,122.247366236,46.688560988,120.773898657,2,86.29409124999074,85.3150264119322,,e4fbd0c,,,
s17,explicit_nn_is,200000,1,ok,82.739509481,457.354369151,108.446126672,457.354369151,2,87.82558387500467,86.83276349597145,,e4fbd0c,,,
s17,explicit_nn_is,200000,2,ok,71.556073132,277.763256514,91.551102763,277.763256514,6,87.61225562499021,86.58311087510083,,e4fbd0c,,,
s17,implicit_nn,50000,0,ok,52.23773673,272.651744696,67.113025787,272.651744696,2,135.66730908400496,134.75119808196905,,e4fbd0c,,,
s17,implicit_nn,50000,1,ok,90.641708454,538.301155798,123.340488609,538.301155798,2,136.36314929198124,135.41731503917254,,e4fbd0c,,,
s17,implicit_nn,50000,2,ok,61.255322232,263.768685286,81.410780417,263.768685286,6,137.94000150100328,136.9768532461312,,e4fbd0c,,,
s17,implicit_nn,200000,0,ok,53.552096209,257.124089667,70.950022262,257.124089667,2,139.81396499901894,136.27146345595247,,e4fbd0c,,,
s17,implicit_nn,200000,1,ok,103.892815086,548.146076767,138.629149614,548.146076767,2,137.5539546670334,133.75956829293864,,e4fbd0c,,,
s17,implicit_nn,200000,2,ok,60.592788962,252.887738813,77.72979292,252.887738813,6,138.07213641700218,134.12197316787206,,e4fbd0c,,,
s17,implicit_ridge,50000,0,ok,43.195370023,156.977410371,51.164791783,156.977410371,2,138.99617895897245,0.5628157097962685,0.7730817919946276,e4fbd0c,,,
s17,implicit_ridge,50000,1,ok,74.822385466,442.936831483,99.884421654,442.936831483,2,139.42263262503548,0.5728957898099907,0.7783361250185408,e4fbd0c,,,
s17,implicit_ridge,50000,2,ok,62.670369391,251.700801376,80.646651617,251.700801376,6,138.96833308198256,0.5003650010330603,0.7006990829831921,e4fbd0c,,,
s17,implicit_ridge,200000,0,ok,42.596117049,137.374523107,48.728520321,137.374523107,2,142.7290597499814,0.6212351659196429,1.3944147920119576,e4fbd0c,,,
s17,implicit_ridge,200000,1,ok,79.307796341,451.835278533,104.880914426,451.835278533,2,142.97572933405172,0.5860382137470879,1.3479084580321796,e4fbd0c,,,
s17,implicit_ridge,200000,2,ok,61.829423989,261.843636954,80.917669394,261.843636954,6,143.81431983300718,0.5207402529194951,1.279926165996585,e4fbd0c,,,
s17,nw,50000,0,ok,42.27890278,119.93861361,47.066173231,112.473001643,2,0.9041257920034695,0.6855366260570008,,e4fbd0c,,,
s17,nw,50000,1,ok,80.099931342,448.807815379,105.114520409,448.807815379,2,0.8122911249811295,0.6062020380049944,,e4fbd0c,,,
s17,nw,50000,2,ok,65.24512249,225.47307638,82.160610447,225.47307638,6,0.806762082997011,0.6020989120588638,,e4fbd0c,,,
s17,nw,200000,0,ok,42.337503256,114.18395574,47.496492023,106.787777637,2,1.4775066250003874,0.6702833739691414,,e4fbd0c,,,
s17,nw,200000,1,ok,83.172963413,449.253933138,109.122779131,449.253933138,2,1.4352657079871278,0.6516704579407815,,e4fbd0c,,,
s17,nw,200000,2,ok,66.273155813,249.675041195,83.728958646,249.675041195,6,1.6706327090214472,0.7808372089348268,,e4fbd0c,,,
s17,ridge,50000,0,ok,43.90114881,141.226097751,50.621962758,141.226097751,2,5.987918958009686,5.7798009190300945,,e4fbd0c,,,
s17,ridge,50000,1,ok,78.731640735,448.771386767,103.941731758,448.771386767,2,5.880557958007557,5.67655929303146,,e4fbd0c,,,
s17,ridge,50000,2,ok,65.207702495,262.483437091,84.471975721,262.483437091,6,5.99455350000062,5.788186586840311,,e4fbd0c,,,
s17,ridge,200000,0,ok,41.267017375,120.591317156,46.355225123,120.591317156,2,6.55682466700091,5.806303080054931,,e4fbd0c,,,
s17,ridge,200000,1,ok,80.648092168,450.871880334,106.146084285,450.871880334,2,7.001022875017952,6.229266755050048,,e4fbd0c,,,
s17,ridge,200000,2,ok,63.86609424,248.540976532,80.948353314,248.540976532,6,6.5073594999848865,5.757102164905518,,e4fbd0c,,,
s17,spline,50000,0,ok,43.703772085,120.031429709,49.918191507,114.965541973,2,0.3725350000313483,0.18309087416855618,,c9efffe,,,
s17,spline,50000,1,ok,83.524552393,456.2141469,110.444317349,456.2141469,2,0.382652040978428,0.18690113094635308,,c9efffe,,,
s17,spline,50000,2,ok,63.325885092,232.101289764,80.860403299,232.101289764,6,0.3962356249685399,0.19640916329808533,,c9efffe,,,
s17,spline,200000,0,ok,42.748175444,118.029829931,48.168913861,118.029829931,2,0.9386109589831904,0.20066033495822921,,c9efffe,,,
s17,spline,200000,1,ok,84.808037684,458.692537694,111.935832786,458.692537694,2,0.9212437079986557,0.19072058284655213,,c9efffe,,,
s17,spline,200000,2,ok,63.664955408,223.759297598,79.907030254,223.759297598,6,0.9767561249900609,0.22654075524769723,,c9efffe,,,
s18,explicit_nn,50000,0,ok,57.995272504,181.023932529,73.707971256,181.023932529,0,89.62800116601284,89.40362092084251,,e4fbd0c,,,
s18,explicit_nn,50000,1,ok,46.581515716,144.078038807,59.053429716,144.078038807,0,89.08531412499724,88.85907478793524,,e4fbd0c,,,
s18,explicit_nn,50000,2,ok,92.55568633,439.123792321,122.623221633,439.123792321,0,87.4286030420044,87.20301458417089,,e4fbd0c,,,
s18,explicit_nn,200000,0,ok,57.807920587,186.547437883,73.972719398,186.547437883,0,88.24030637499527,87.4476042909082,,e4fbd0c,,,
s18,explicit_nn,200000,1,ok,45.921642226,131.99270986,57.562150035,131.99270986,0,85.10674275000929,84.30225571189658,,e4fbd0c,,,
s18,explicit_nn,200000,2,ok,92.664901951,428.786872275,122.416777143,428.786872275,0,84.26930166699458,83.49643025104888,,e4fbd0c,,,
s18,explicit_nn_is,50000,0,ok,55.566443633,184.429326104,71.269113101,184.429326104,0,85.71738333298708,85.4142791670165,,e4fbd0c,,,
s18,explicit_nn_is,50000,1,ok,45.754348103,141.67295477,57.4537498,141.67295477,0,86.47704387499834,86.19583600494661,,e4fbd0c,,,
s18,explicit_nn_is,50000,2,ok,89.925479379,423.428240202,119.189947784,423.428240202,0,86.6957964580215,86.42798666504677,,e4fbd0c,,,
s18,explicit_nn_is,200000,0,ok,57.168226795,186.599454053,73.304381891,186.599454053,0,87.40037683400442,86.41142954619136,,e4fbd0c,,,
s18,explicit_nn_is,200000,1,ok,43.522990237,118.964257808,54.387929502,118.964257808,0,89.37912912500906,88.35044249979546,,e4fbd0c,,,
s18,explicit_nn_is,200000,2,ok,97.707296635,458.990413096,129.196216201,458.990413096,0,89.41226012501284,88.39619254006539,,e4fbd0c,,,
s18,implicit_nn,50000,0,ok,101.825537681,239.722421752,99.579708965,239.722421752,0,140.04126983400784,138.95046717091464,,e4fbd0c,,,
s18,implicit_nn,50000,1,ok,90.311178953,204.899373308,89.200533193,204.899373308,0,139.7948369589867,138.7251693760627,,e4fbd0c,,,
s18,implicit_nn,50000,2,ok,97.857601268,239.945869541,97.476594343,239.945869541,0,139.5385759169876,138.5267987929983,,e4fbd0c,,,
s18,implicit_nn,200000,0,ok,94.655445969,211.295740466,91.795347491,211.295740466,0,142.36362633301178,138.64810291017056,,e4fbd0c,,,
s18,implicit_nn,200000,1,ok,89.879263495,227.318006445,91.341412184,227.318006445,0,139.09002262502327,135.25305757901515,,e4fbd0c,,,
s18,implicit_nn,200000,2,ok,112.352171292,298.47345203,113.831041068,298.47345203,0,139.21292533300584,135.38629721006146,,e4fbd0c,,,
s18,implicit_ridge,50000,0,ok,56.60468933,186.179841172,72.911837388,186.179841172,0,140.2492748320219,0.554955291969236,0.7593533329782076,e4fbd0c,,,
s18,implicit_ridge,50000,1,ok,47.884563678,139.351372139,59.99952891,139.351372139,0,139.5524112500134,0.569376164174173,0.7772874169750139,e4fbd0c,,,
s18,implicit_ridge,50000,2,ok,91.629222338,432.043583749,120.870968852,432.043583749,0,138.70555491599953,0.7134017908829264,0.9626033750246279,e4fbd0c,,,
s18,implicit_ridge,200000,0,ok,55.483285915,176.566209067,70.926143367,176.566209067,0,141.87370024900883,0.5912975446553901,1.3746081670396961,e4fbd0c,,,
s18,implicit_ridge,200000,1,ok,48.081656056,128.188580309,59.809534906,128.188580309,0,142.37061916600214,0.5214039541897364,1.2660280410200357,e4fbd0c,,,
s18,implicit_ridge,200000,2,ok,87.17891166,405.963162628,115.103136811,405.963162628,0,143.8090003739926,0.6419168788706884,1.4572977499919944,e4fbd0c,,,
s18,nw,50000,0,ok,54.019240101,160.831581285,68.746353725,160.831581285,0,0.8694976670085452,0.654841915005818,,e4fbd0c,,,
s18,nw,50000,1,ok,46.184350972,150.28503133,59.296418961,150.28503133,0,0.7820497499778867,0.582602787995711,,e4fbd0c,,,
s18,nw,50000,2,ok,85.705596283,399.786915939,113.560194684,399.786915939,0,0.7735878329840489,0.5735807921446394,,e4fbd0c,,,
s18,nw,200000,0,ok,50.91886654,155.46679548,64.913946327,155.46679548,0,1.3644755840068683,0.594328664970817,,e4fbd0c,,,
s18,nw,200000,1,ok,45.128519923,137.208436933,57.046023177,137.208436933,0,1.3466772910032887,0.591916458128253,,e4fbd0c,,,
s18,nw,200000,2,ok,87.865512282,404.573330006,116.234641205,404.573330006,0,1.386058458010666,0.6041669581609312,,e4fbd0c,,,
s18,ridge,50000,0,ok,57.986811691,178.652181286,73.667811129,178.652181286,0,6.115297583019128,5.913816540880362,,e4fbd0c,,,
s18,ridge,50000,1,ok,46.555821531,143.042638449,59.085599956,143.042638449,0,6.099877917004051,5.890653582930099,,e4fbd0c,,,
s18,ridge,50000,2,ok,90.320629456,427.297958306,119.567578646,427.297958306,0,6.023916375008412,5.821982291934546,,e4fbd0c,,,
s18,ridge,200000,0,ok,56.168153431,178.069010989,71.66711419,178.069010989,0,6.749135916994419,5.9513172880979255,,e4fbd0c,,,
s18,ridge,200000,1,ok,45.677487409,131.469583735,57.248579465,131.469583735,0,6.567433374992106,5.8031106279813685,,e4fbd0c,,,
s18,ridge,200000,2,ok,90.311602474,416.484404709,119.191449729,416.484404709,0,7.157485250005266,6.393176418991061,,e4fbd0c,,,
s18,spline,50000,0,ok,55.107218957,158.368252866,69.680093624,158.368252866,0,0.3779803339857608,0.1858560431865044,,c9efffe,,,
s18,spline,50000,1,ok,43.608532051,122.995177564,54.933256283,122.995177564,0,0.3732723749708384,0.18169391911942512,,c9efffe,,,
s18,spline,50000,2,ok,85.475945902,395.788287665,112.845418455,395.788287665,0,0.38249562500277534,0.18607950204750523,,c9efffe,,,
s18,spline,200000,0,ok,52.781993772,152.218335995,66.992349189,152.218335995,0,0.9591294580022804,0.2064254960278049,,c9efffe,,,
s18,spline,200000,1,ok,42.608646405,109.028052897,52.852814951,109.028052897,0,0.9617426670156419,0.20450241497019306,,c9efffe,,,
s18,spline,200000,2,ok,86.420707106,390.862769977,113.829515875,390.862769977,0,0.9650798330549151,0.21482004114659503,,c9efffe,,,
s19,explicit_nn,50000,0,ok,78.316322679,284.988039521,102.117979343,284.988039521,1,87.49582237499999,87.27721037596348,,e4fbd0c,,,
s19,explicit_nn,50000,1,ok,91.297477879,333.466378996,118.147277484,333.466378996,0,87.48428775000502,87.26613745599752,,e4fbd0c,,,
s19,explicit_nn,50000,2,ok,114.931158429,419.0732885,154.75537621,419.0732885,4,85.79731408398948,85.58018574598827,,e4fbd0c,,,
s19,explicit_nn,200000,0,ok,87.165487893,319.481122671,113.624137645,319.481122671,1,86.14281666700845,85.35993979283376,,e4fbd0c,,,
s19,explicit_nn,200000,1,ok,91.64735403,328.486327745,118.739599976,328.486327745,0,82.8344664160104,82.05383062403416,,e4fbd0c,,,
s19,explicit_nn,200000,2,ok,106.117762362,368.188780806,142.150335976,368.188780806,4,82.9705019579851,82.19599529198604,,e4fbd0c,,,
s19,explicit_nn_is,50000,0,ok,97.1491333,431.184010292,128.565953575,431.184010292,0,86.99761425002362,86.73271249808022,,e4fbd0c,,,
s19,explicit_nn_is,50000,1,ok,88.458143778,322.658214775,114.715404497,322.658214775,0,86.22226958401734,85.95293295997544,,e4fbd0c,,,
s19,explicit_nn_is,50000,2,ok,104.462265928,372.393732803,140.869201433,372.393732803,4,85.5349668340059,85.26862004294526,,e4fbd0c,,,
s19,explicit_nn_is,200000,0,ok,96.759410236,407.035625712,127.741753509,407.035625712,0,86.9985121669888,86.0212209620222,,e4fbd0c,,,
s19,explicit_nn_is,200000,1,ok,93.867086502,344.765989237,122.158470025,344.765989237,0,87.36294058299973,86.3614492948982,,e4fbd0c,,,
s19,explicit_nn_is,200000,2,ok,106.081537542,385.953926559,143.18631622,385.953926559,4,87.19593399998848,86.17761441398761,,e4fbd0c,,,
s19,implicit_nn,50000,0,ok,103.89882219,342.203781729,133.855310634,342.203781729,0,134.88266212499002,133.9517134608759,,e4fbd0c,,,
s19,implicit_nn,50000,1,ok,108.209111921,403.224931131,139.786094063,403.224931131,0,135.57474062600522,134.63258924888214,,e4fbd0c,,,
s19,implicit_nn,50000,2,ok,91.447462214,287.206487765,120.94370632,287.206487765,4,138.1418618329917,137.14919712307164,,e4fbd0c,,,
s19,implicit_nn,200000,0,ok,92.62215652,328.337773282,119.14512572,328.337773282,0,140.59638312502648,136.60689946325147,,e4fbd0c,,,
s19,implicit_nn,200000,1,ok,113.417773182,409.053224563,147.842387645,409.053224563,0,138.50308958403184,134.57815608000965,,e4fbd0c,,,
s19,implicit_nn,200000,2,ok,112.179595269,371.386156201,146.681617389,371.386156201,4,138.92968766702688,135.2693650459114,,e4fbd0c,,,
s19,implicit_ridge,50000,0,ok,38.909433532,103.942983663,47.597339985,103.942983663,0,138.7210802079644,0.6065233731642365,0.8072040000115521,e4fbd0c,,,
s19,implicit_ridge,50000,1,ok,59.396922208,302.509229045,77.390895703,302.509229045,0,137.9848562910338,0.5762914218357764,0.7836812910391018,e4fbd0c,,,
s19,implicit_ridge,50000,2,ok,59.522424175,219.991518849,78.718603269,219.991518849,4,138.2685573750059,0.5104842499131337,0.7100149579928257,e4fbd0c,,,
s19,implicit_ridge,200000,0,ok,51.94082113,180.076441536,66.70066027,180.076441536,0,142.08098162495298,0.6041082934243605,1.3833898329758085,e4fbd0c,,,
s19,implicit_ridge,200000,1,ok,61.215775464,310.687477879,79.859925179,310.687477879,0,145.63881733297603,0.6534119569696486,1.453430874971673,e4fbd0c,,,
s19,implicit_ridge,200000,2,ok,56.982544388,219.554370512,75.311899132,219.554370512,4,146.52145820797887,0.5942264190525748,1.372714624973014,e4fbd0c,,,
s19,nw,50000,0,ok,34.26906305,114.659973824,42.976387855,114.659973824,0,0.8200706249917857,0.6096500820713118,,e4fbd0c,,,
s19,nw,50000,1,ok,51.172177558,272.847408946,66.866363571,272.847408946,0,0.8807767919788603,0.664001042052405,,e4fbd0c,,,
s19,nw,50000,2,ok,53.64800473,213.453851948,71.357787988,213.453851948,4,0.8387785000086296,0.6247506669315044,,e4fbd0c,,,
s19,nw,200000,0,ok,69.44540112,251.424779702,90.634556113,251.424779702,1,1.426524459006032,0.6315087509865407,,e4fbd0c,,,
s19,nw,200000,1,ok,66.581798153,274.471621297,87.25101231,274.471621297,0,1.4059968329966068,0.6313788360275794,,e4fbd0c,,,
s19,nw,200000,2,ok,53.331109901,200.423346096,70.468074553,200.423346096,4,1.3967720000073314,0.6177129181451164,,e4fbd0c,,,
s19,ridge,50000,0,ok,66.41186683,212.080613347,86.509973452,212.080613347,0,5.79546633301652,5.587273330107564,,e4fbd0c,,,
s19,ridge,50000,1,ok,65.888429153,260.35756353,85.224384129,260.35756353,0,5.786389249988133,5.577326002938207,,e4fbd0c,,,
s19,ridge,50000,2,ok,73.406473323,230.159257244,97.201759923,230.159257244,4,5.956228082999587,5.730207418004284,,e4fbd0c,,,
s19,ridge,200000,0,ok,72.46886189,248.81253966,94.169883247,248.81253966,1,6.364721291989554,5.611212329939008,,e4fbd0c,,,
s19,ridge,200000,1,ok,65.198927471,245.651187948,84.2821065,245.651187948,0,6.321315000008326,5.552055287960684,,e4fbd0c,,,
s19,ridge,200000,2,ok,77.829802729,217.116839956,102.962723897,217.116839956,4,6.288954749994446,5.5312278360070195,,e4fbd0c,,,
s19,spline,50000,0,ok,35.12546351,116.518345052,43.221782161,116.518345052,0,0.38071537495125085,0.1858062890241854,,c9efffe,,,
s19,spline,50000,1,ok,61.644758943,313.0475207,80.840566217,313.0475207,0,0.37098679196788,0.180060665064957,,c9efffe,,,
s19,spline,50000,2,ok,56.767263049,203.92190416,74.210709139,203.92190416,4,0.3854570409748703,0.188444254163187,,c9efffe,,,
s19,spline,200000,0,ok,47.593988386,154.192430161,59.461698638,154.192430161,0,0.9597357080201618,0.22747288027312607,,c9efffe,,,
s19,spline,200000,1,ok,62.129114139,325.890278466,81.715054213,325.890278466,0,0.9963618330075406,0.20468137797433883,,c9efffe,,,
s19,spline,200000,2,ok,59.249139152,187.979108194,77.328330509,187.979108194,4,0.9325095419771969,0.20033271121792495,,c9efffe,,,
s20,explicit_nn,50000,0,ok,30.393598031,101.519007105,39.487347408,101.519007105,0,88.10434275001171,87.88295016501797,,e4fbd0c,,,
s20,explicit_nn,50000,1,ok,30.717897974,113.697981932,39.863361604,113.697981932,0,87.97006387499277,87.74926646010135,,e4fbd0c,,,
s20,explicit_nn,50000,2,ok,112.265700717,705.279459946,153.199614329,705.279459946,1,86.14214275000268,85.92533770593582,,e4fbd0c,,,
s20,explicit_nn,200000,0,ok,32.055254116,108.393459774,41.412893413,108.393459774,0,86.57474866698612,85.799979873962,,e4fbd0c,,,
s20,explicit_nn,200000,1,ok,30.193946385,108.968838427,39.147680873,108.968838427,0,81.69292729199515,80.92079462783295,,e4fbd0c,,,
s20,explicit_nn,200000,2,ok,111.954539756,705.434541217,152.799674056,705.434541217,1,82.11316924999119,81.33207037692773,,e4fbd0c,,,
s20,explicit_nn_is,50000,0,ok,29.828936714,101.598063285,38.983040992,101.598063285,0,85.62092341599055,85.3560205399699,,e4fbd0c,,,
s20,explicit_nn_is,50000,1,ok,29.690856561,104.319900344,38.506225526,104.319900344,0,85.96322449998115,85.69465308403596,,e4fbd0c,,,
s20,explicit_nn_is,50000,2,ok,110.656335319,698.240471981,151.178069986,698.240471981,1,86.24398987501627,85.97816620804952,,e4fbd0c,,,
s20,explicit_nn_is,200000,0,ok,32.67480382,107.646646862,42.729634835,107.646646862,0,87.31001874999492,86.31916216309764,,e4fbd0c,,,
s20,explicit_nn_is,200000,1,ok,32.528634686,114.326104237,42.461981386,114.326104237,0,86.46870462500374,85.46801820606925,,e4fbd0c,,,
s20,explicit_nn_is,200000,2,ok,116.193406414,742.537917081,158.760359376,742.537917081,1,86.32920383301098,85.35056883399375,,e4fbd0c,,,
s20,implicit_nn,50000,0,ok,39.861770016,176.368956504,52.50889347,176.368956504,0,134.33934379200218,133.4072984980594,,e4fbd0c,,,
s20,implicit_nn,50000,1,ok,34.260064417,136.101425149,44.799730662,136.101425149,0,134.6047983750177,133.67251037678216,,e4fbd0c,,,
s20,implicit_nn,50000,2,ok,90.950471457,538.906068687,123.913682299,538.906068687,1,136.2072622079868,135.26396591801313,,e4fbd0c,,,
s20,implicit_nn,200000,0,ok,38.299962881,173.771096734,50.636309387,173.771096734,0,139.60607608198188,135.91489587628166,,e4fbd0c,,,
s20,implicit_nn,200000,1,ok,38.134072387,147.573683851,49.91951583,147.573683851,0,140.36615283298306,136.28950009000255,,e4fbd0c,,,
s20,implicit_nn,200000,2,ok,87.190486966,485.281674268,118.019961626,485.281674268,1,140.62060720898444,136.68481095400057,,e4fbd0c,,,
s20,implicit_ridge,50000,0,ok,31.066134872,99.783637739,40.31115638,99.783637739,0,143.70218900003238,0.5220506228506565,0.725510333024431,e4fbd0c,,,
s20,implicit_ridge,50000,1,ok,26.381116706,86.204479449,33.265580988,86.204479449,0,144.39909596001962,0.5938417072175071,0.8022002090001479,e4fbd0c,,,
s20,implicit_ridge,50000,2,ok,108.416579204,688.069262953,148.150490591,688.069262953,1,139.503209835093,0.6488882509875111,0.8755536670214497,e4fbd0c,,,
s20,implicit_ridge,200000,0,ok,30.96921255,99.150015737,40.239629452,99.150015737,0,137.89257820800412,0.5114832887775265,1.3883200000273064,e4fbd0c,,,
s20,implicit_ridge,200000,1,ok,26.05453695,78.626268505,32.779139269,78.626268505,0,137.97096862498438,0.5032140378607437,1.284161707968451,e4fbd0c,,,
s20,implicit_ridge,200000,2,ok,108.405619118,687.414352804,147.990718995,687.414352804,1,126.60696604201803,0.2696113317506388,0.990450042008888,e4fbd0c,,,
s20,nw,50000,0,ok,24.062394693,100.970956198,31.464195218,100.970956198,0,0.8307776669971645,0.6255560379649978,,e4fbd0c,,,
s20,nw,50000,1,ok,28.499221398,110.304275365,37.539244161,110.304275365,0,0.7770478749880567,0.5729844169982243,,e4fbd0c,,,
s20,nw,50000,2,ok,100.933042051,643.164035973,137.928436809,643.164035973,1,0.76956675000838,0.5704784969857428,,e4fbd0c,,,
s20,nw,200000,0,ok,27.744762398,98.02505467,36.271609849,98.02505467,0,1.3812699999834877,0.5978531228611246,,e4fbd0c,,,
s20,nw,200000,1,ok,22.049105593,64.111010917,28.597690255,64.111010917,0,1.3592828339897096,0.5849360437714495,,e4fbd0c,,,
s20,nw,200000,2,ok,102.720242198,660.660358675,140.433591571,660.660358675,1,1.4215880410047248,0.6319217898417264,,e4fbd0c,,,
s20,ridge,50000,0,ok,29.077474455,94.713747304,37.685895305,94.713747304,0,5.876070416998118,5.673081666143844,,e4fbd0c,,,
s20,ridge,50000,1,ok,28.130462515,101.043441376,36.125043241,101.043441376,0,5.776730665995274,5.5654615439416375,,e4fbd0c,,,
s20,ridge,50000,2,ok,112.453735699,714.515666216,153.483300829,714.515666216,1,5.785524625011021,5.585644496080931,,e4fbd0c,,,
s20,ridge,200000,0,ok,30.938696061,103.850102594,39.883239416,103.850102594,0,6.427343666990055,5.648637957929168,,e4fbd0c,,,
s20,ridge,200000,1,ok,26.989282722,91.720181107,34.572915311,91.720181107,0,6.550515165989054,5.799055754992878,,e4fbd0c,,,
s20,ridge,200000,2,ok,111.949774571,711.293891036,152.80205881,711.293891036,1,6.395895458001178,5.598047038976802,,e4fbd0c,,,
s20,spline,50000,0,ok,26.434403458,117.822102274,34.187242924,117.822102274,0,0.3658460839651525,0.1775810398394242,,c9efffe,,,
s20,spline,50000,1,ok,22.919801414,67.954361739,28.813674405,67.954361739,0,0.39231654099421576,0.19484966923482716,,c9efffe,,,
s20,spline,50000,2,ok,95.492300844,594.267599124,130.083699505,594.267599124,1,0.4373009160044603,0.22544607910094783,,c9efffe,,,
s20,spline,200000,0,ok,27.949397154,115.698150142,35.860130162,115.698150142,0,1.0184573329752311,0.22769033117219806,,c9efffe,,,
s20,spline,200000,1,ok,23.021467352,66.75565416,29.069594933,66.75565416,0,0.9637883749674074,0.2087393801775761,,c9efffe,,,
s20,spline,200000,2,ok,95.649878647,594.7873252,130.343397582,594.7873252,1,0.9353476249962114,0.19708341389195994,,c9efffe,,,
